type,geometry/type,longitude,latitude,properties/id,properties/title,properties/description,properties/face,properties/icon/scaledSize/width,properties/icon/scaledSize/height,properties/icon/origin/x,properties/icon/origin/y,properties/icon/anchor/x,properties/icon/anchor/y,distance_miles
Feature,Point,27.6895,46.2298,21590547,ANL,,East,12,12,0,0,6,6,0.599854249558529
Feature,Point,27.6736,46.2201,21590684,D4,,East,12,12,0,0,6,6,0.705530045755531
Feature,Point,27.6733,46.2206,21590724,D3,,East,12,12,0,0,6,6,0.717101639791422
Feature,Point,27.6743,46.2253,21590560,E7,,East,12,12,0,0,6,6,0.726878250242493
Feature,Point,27.6732,46.2198,21590686,D2,,East,12,12,0,0,6,6,0.726942449587572
Feature,Point,27.6734,46.2184,21590682,D1,,East,12,12,0,0,6,6,0.736413010269664
Feature,Point,27.6728,46.2212,21590561,D5,,East,12,12,0,0,6,6,0.739961642068899
Feature,Point,27.673,46.2183,21590683,C2,,East,12,12,0,0,6,6,0.756675929171825
Feature,Point,27.6724,46.2204,21590687,C5,,East,12,12,0,0,6,6,0.760899123604402
Feature,Point,27.6723,46.2217,21590559,E6,,East,12,12,0,0,6,6,0.764767271592988
Feature,Point,27.6732,46.2174,21590629,B2,,East,12,12,0,0,6,6,0.766248524856146
Feature,Point,27.6723,46.2198,21590685,C4,,East,12,12,0,0,6,6,0.769628355450211
Feature,Point,27.6734,46.2167,21590628,B1,,East,12,12,0,0,6,6,0.775191400387641
Feature,Point,27.6721,46.222,21590548,E6,,East,12,12,0,0,6,6,0.775590592356886
Feature,Point,27.6724,46.2185,21590642,C1,,East,12,12,0,0,6,6,0.781032625835906
Feature,Point,27.6725,46.218,21590641,G1,,East,12,12,0,0,6,6,0.785286897382462
Feature,Point,27.6737,46.2159,21590638,CFR2,,East,12,12,0,0,6,6,0.786038728479165
Feature,Point,27.672,46.2193,21590723,C3,,East,12,12,0,0,6,6,0.788756737616574
Feature,Point,27.6726,46.2175,21590715,D4,,East,12,12,0,0,6,6,0.791057443771101
Feature,Point,27.6728,46.2168,21590714,D3,,East,12,12,0,0,6,6,0.79896204849077
Feature,Point,27.672,46.2185,21590722,G7,,East,12,12,0,0,6,6,0.799631490868322
Feature,Point,27.673,46.2163,21590712,A1,,East,12,12,0,0,6,6,0.803925249977224
Feature,Point,27.6715,46.222,21590549,E8,,East,12,12,0,0,6,6,0.804197004152035
Feature,Point,27.6721,46.2179,21590718,C3,,East,12,12,0,0,6,6,0.80557916397899
Feature,Point,27.6723,46.2172,21590716,C4,,East,12,12,0,0,6,6,0.811416040874524
Feature,Point,27.6728,46.2161,21590637,AIV,,East,12,12,0,0,6,6,0.818431568225114
Feature,Point,27.6723,46.2258,21590656,C1-2,,East,12,12,0,0,6,6,0.82838742952231
Feature,Point,27.6718,46.2174,21590720,C2,,East,12,12,0,0,6,6,0.829526285854729
Feature,Point,27.6714,46.2182,21590721,G8,,East,12,12,0,0,6,6,0.832426005936658
Feature,Point,27.6722,46.2261,21590808,B1-3,,East,12,12,0,0,6,6,0.840993554728326
Feature,Point,27.6717,46.217,21590719,15G,,East,12,12,0,0,6,6,0.84308924349729
Feature,Point,27.6722,46.2161,21590717,C1,,East,12,12,0,0,6,6,0.844456711752871
Feature,Point,27.6709,46.2186,21590713,G6,,East,12,12,0,0,6,6,0.849431749160803
Feature,Point,27.6716,46.2257,21590574,D1-8,,East,12,12,0,0,6,6,0.856787266530625
Feature,Point,27.6711,46.2247,21590749,2,,East,12,12,0,0,6,6,0.856857536281004
Feature,Point,27.6716,46.2166,21590841,B2,,East,12,12,0,0,6,6,0.857355668623264
Feature,Point,27.6712,46.2172,21590843,G3,,East,12,12,0,0,6,6,0.861107867147415
Feature,Point,27.6708,46.2178,21590640,G2,,East,12,12,0,0,6,6,0.867250327946983
Feature,Point,27.6705,46.2185,21590639,G5,,East,12,12,0,0,6,6,0.86957985987133
Feature,Point,27.671,46.2252,21590748,1,,East,12,12,0,0,6,6,0.871876328231655
Feature,Point,27.672,46.2271,21590809,X3,,East,12,12,0,0,6,6,0.879769337291006
Feature,Point,27.671,46.2256,21590731,D1-8,,East,12,12,0,0,6,6,0.881112015691796
Feature,Point,27.6711,46.2165,21590845,A5,,East,12,12,0,0,6,6,0.882130575320439
Feature,Point,27.6711,46.226,21590807,D9-10,,East,12,12,0,0,6,6,0.886680332791394
Feature,Point,27.6712,46.2161,21590844,B1,,East,12,12,0,0,6,6,0.88819618707184
Feature,Point,27.6745,46.2298,21590865,Q2,,East,12,12,0,0,6,6,0.888937678161756
Feature,Point,27.6719,46.2274,21590646,H1-2,,East,12,12,0,0,6,6,0.893811738909507
Feature,Point,27.6741,46.2296,21590887,1,,East,12,12,0,0,6,6,0.894122874788423
Feature,Point,27.67,46.2184,21590551,G4,,East,12,12,0,0,6,6,0.894406756802602
Feature,Point,27.6724,46.2281,21590643,1,,East,12,12,0,0,6,6,0.897822305283331
Feature,Point,27.6715,46.2271,21590806,C3,,East,12,12,0,0,6,6,0.900979964805162
Feature,Point,27.6701,46.2249,21590750,3,,East,12,12,0,0,6,6,0.906617327746344
Feature,Point,27.6705,46.226,21590752,D1-8,,East,12,12,0,0,6,6,0.91330889834494
Feature,Point,27.6706,46.2161,21590846,A3,,East,12,12,0,0,6,6,0.914635421910134
Feature,Point,27.6718,46.2279,21590645,G1-5,,East,12,12,0,0,6,6,0.915089361482851
Feature,Point,27.6711,46.2153,21590630,C1,,East,12,12,0,0,6,6,0.915664829327976
Feature,Point,27.6721,46.2283,21590644,A2,,East,12,12,0,0,6,6,0.917335350348441
Feature,Point,27.6708,46.2156,21590633,P3,,East,12,12,0,0,6,6,0.919698552834481
Feature,Point,27.6706,46.2159,21590842,D2,,East,12,12,0,0,6,6,0.920008193266868
Feature,Point,27.6714,46.2276,21590564,XI,,East,12,12,0,0,6,6,0.921414268000117
Feature,Point,27.6708,46.2154,21590634,P4,,East,12,12,0,0,6,6,0.925557877960861
Feature,Point,27.6701,46.2165,21590555,A4,,East,12,12,0,0,6,6,0.926805090415776
Feature,Point,27.6716,46.2282,21590647,2,,East,12,12,0,0,6,6,0.933957471675184
Feature,Point,27.6697,46.2254,21590746,S1-2,,East,12,12,0,0,6,6,0.935199517534666
Feature,Point,27.67,46.226,21590747,G1-2,,East,12,12,0,0,6,6,0.935592150681843
Feature,Point,27.6713,46.2279,21590563,X,,East,12,12,0,0,6,6,0.935743471748724
Feature,Point,27.6738,46.2303,21590855,C1,,East,12,12,0,0,6,6,0.936936154272216
Feature,Point,27.6702,46.2264,21590751,12,,East,12,12,0,0,6,6,0.936995725038719
Feature,Point,27.6734,46.23,21590862,G1,,East,12,12,0,0,6,6,0.937513462792077
Feature,Point,27.6703,46.2268,21590745,MBA,,East,12,12,0,0,6,6,0.943660045627349
Feature,Point,27.6689,46.2185,21590663,L1,,East,12,12,0,0,6,6,0.944483100208017
Feature,Point,27.6694,46.2171,21590554,B1,,East,12,12,0,0,6,6,0.945128577801875
Feature,Point,27.6739,46.2306,21590867,G2,,East,12,12,0,0,6,6,0.947557775747859
Feature,Point,27.6685,46.2196,21590558,O2,,East,12,12,0,0,6,6,0.951664642057123
Feature,Point,27.6685,46.2193,21590824,O3,,East,12,12,0,0,6,6,0.954237438216887
Feature,Point,27.6728,46.2299,21590856,D1-D2,,East,12,12,0,0,6,6,0.955070473779424
Feature,Point,27.6698,46.2159,21590556,A2,,East,12,12,0,0,6,6,0.955263998634839
Feature,Point,27.671,46.2282,21590562,A1,,East,12,12,0,0,6,6,0.958558626036517
Feature,Point,27.6693,46.2257,21590691,I1-2,,East,12,12,0,0,6,6,0.959948328201696
Feature,Point,27.6701,46.2151,21590632,P2,,East,12,12,0,0,6,6,0.964698020987171
Feature,Point,27.6691,46.2168,21590553,A3,,East,12,12,0,0,6,6,0.965105217101098
Feature,Point,27.6699,46.2153,21590631,P1,,East,12,12,0,0,6,6,0.96745478866105
Feature,Point,27.6681,46.2197,21590557,O1,,East,12,12,0,0,6,6,0.969923174927161
Feature,Point,27.6698,46.227,21590810,ONT,,East,12,12,0,0,6,6,0.971138311223504
Feature,Point,27.6693,46.2262,21590690,H1-3,,East,12,12,0,0,6,6,0.97178343131802
Feature,Point,27.6683,46.2185,21590828,I2,,East,12,12,0,0,6,6,0.972635616563024
Feature,Point,27.6736,46.231,21590853,A1,,East,12,12,0,0,6,6,0.977037262971873
Feature,Point,27.6695,46.2268,21590805,M1-4,,East,12,12,0,0,6,6,0.978617555814963
Feature,Point,27.673,46.2306,21590857,D3,,East,12,12,0,0,6,6,0.979212135357608
Feature,Point,27.668,46.219,21590826,O4,,East,12,12,0,0,6,6,0.980871027156523
Feature,Point,27.6727,46.2304,21590858,D4,,East,12,12,0,0,6,6,0.980904606826484
Feature,Point,27.6693,46.2157,21590848,A1,,East,12,12,0,0,6,6,0.982637217134967
Feature,Point,27.6688,46.2165,21590623,A4,,East,12,12,0,0,6,6,0.985321901206231
Feature,Point,27.6722,46.2301,21590861,F1,,East,12,12,0,0,6,6,0.986055797098098
Feature,Point,27.6732,46.2309,21590854,B1,,East,12,12,0,0,6,6,0.986130064969364
Feature,Point,27.669,46.216,21590552,A2,,East,12,12,0,0,6,6,0.988227058592485
Feature,Point,27.6688,46.226,21590692,VI,,East,12,12,0,0,6,6,0.989380396455026
Feature,Point,27.6681,46.2178,21590832,K3,,East,12,12,0,0,6,6,0.992223674596786
Feature,Point,27.6695,46.215,21590847,D1,,East,12,12,0,0,6,6,0.993560119409876
Feature,Point,27.6676,46.2191,21590827,O5,,East,12,12,0,0,6,6,0.998766720952005
Feature,Point,27.6726,46.2308,21590864,I2,,East,12,12,0,0,6,6,1.00268089873959
Feature,Point,27.6685,46.2163,21590622,A5,,East,12,12,0,0,6,6,1.00342980728453
Feature,Point,27.6673,46.22,21590744,M6,,East,12,12,0,0,6,6,1.00610370605063
Feature,Point,27.669,46.2151,21590636,VI,,East,12,12,0,0,6,6,1.01233359283002
Feature,Point,27.6686,46.2156,21590550,A1,,East,12,12,0,0,6,6,1.01621316031513
Feature,Point,27.6683,46.216,21590621,A6,,East,12,12,0,0,6,6,1.01951095509594
Feature,Point,27.6682,46.2262,21590851,C7,,East,12,12,0,0,6,6,1.02105002726462
Feature,Point,27.667,46.2192,21590825,N4,,East,12,12,0,0,6,6,1.02623115971317
Feature,Point,27.6671,46.2185,21590829,N3,,East,12,12,0,0,6,6,1.02902886923403
Feature,Point,27.6732,46.2318,21590863,I1,,East,12,12,0,0,6,6,1.0295714789613
Feature,Point,27.6672,46.2181,21590830,K4,,East,12,12,0,0,6,6,1.02964736541156
Feature,Point,27.6736,46.2321,21590859,D5,,East,12,12,0,0,6,6,1.03137138091776
Feature,Point,27.6737,46.2322,21590860,D6,,East,12,12,0,0,6,6,1.03321594351801
Feature,Point,27.669,46.2144,21590635,V1,,East,12,12,0,0,6,6,1.03328422116053
Feature,Point,27.6672,46.2177,21590665,K2,,East,12,12,0,0,6,6,1.03567993542272
Feature,Point,27.6673,46.2173,21590664,K1,,East,12,12,0,0,6,6,1.03778966032972
Feature,Point,27.6669,46.218,21590834,K5,,East,12,12,0,0,6,6,1.04511100862016
Feature,Point,27.6691,46.2285,21590753,UMPS,,East,12,12,0,0,6,6,1.04771934957678
Feature,Point,27.6665,46.2193,21590741,M5,,East,12,12,0,0,6,6,1.04906089840934
Feature,Point,27.6676,46.2266,21590850,U1-11,,East,12,12,0,0,6,6,1.05756060876536
Feature,Point,27.6677,46.2269,21590852,4,,East,12,12,0,0,6,6,1.06066704643926
Feature,Point,27.6728,46.2322,21590866,C,,East,12,12,0,0,6,6,1.06270724735498
Feature,Point,27.6664,46.2182,21590831,N2,,East,12,12,0,0,6,6,1.06575931410316
Feature,Point,27.6666,46.2171,21590662,J2,,East,12,12,0,0,6,6,1.07369564463936
Feature,Point,27.6663,46.2176,21590833,73,,East,12,12,0,0,6,6,1.07914623682514
Feature,Point,27.6659,46.2187,21590740,M4,,East,12,12,0,0,6,6,1.08326826661362
Feature,Point,27.6729,46.2327,21590868,Z4,,East,12,12,0,0,6,6,1.08452517658735
Feature,Point,27.6657,46.2184,21590739,M3,,East,12,12,0,0,6,6,1.09613125337619
Feature,Point,27.6655,46.2192,21590743,B5,,East,12,12,0,0,6,6,1.09735654103045
Feature,Point,27.6716,46.2322,21590627,E,,East,12,12,0,0,6,6,1.10341305148978
Feature,Point,27.6657,46.2178,21590655,N1,,East,12,12,0,0,6,6,1.10410521833519
Feature,Point,27.6734,46.2334,21590872,D14,,East,12,12,0,0,6,6,1.10503231766777
Feature,Point,27.666,46.2167,21590654,E12,,East,12,12,0,0,6,6,1.10877571222615
Feature,Point,27.672,46.2326,21590798,C,,East,12,12,0,0,6,6,1.10920043338001
Feature,Point,27.6724,46.2329,21590803,D1,,East,12,12,0,0,6,6,1.11091545666817
Feature,Point,27.6709,46.2319,21590624,B114,,East,12,12,0,0,6,6,1.11391268156715
Feature,Point,27.6731,46.2334,21590870,D12,,East,12,12,0,0,6,6,1.11431584772804
Feature,Point,27.6655,46.2175,21590651,J1,,East,12,12,0,0,6,6,1.11796397057032
Feature,Point,27.6728,46.2333,21590804,D10,,East,12,12,0,0,6,6,1.11851478224916
Feature,Point,27.6713,46.2323,21590625,D,,East,12,12,0,0,6,6,1.11856186238338
Feature,Point,27.6651,46.2188,21590742,B4,,East,12,12,0,0,6,6,1.12002913493465
Feature,Point,27.6657,46.2168,21590653,E11,,East,12,12,0,0,6,6,1.12068216243526
Feature,Point,27.6735,46.2338,21590873,D15,,East,12,12,0,0,6,6,1.12331294786462
Feature,Point,27.6659,46.2161,21590667,V3,,East,12,12,0,0,6,6,1.12555537157824
Feature,Point,27.6724,46.2332,21590877,D8,,East,12,12,0,0,6,6,1.12613991879755
Feature,Point,27.6661,46.2156,21590670,ANL,,East,12,12,0,0,6,6,1.12777173814486
Feature,Point,27.6651,46.2178,21590738,M2,,East,12,12,0,0,6,6,1.13216501873118
Feature,Point,27.6648,46.219,21590565,B6,,East,12,12,0,0,6,6,1.13231432844234
Feature,Point,27.6732,46.2338,21590871,D13,,East,12,12,0,0,6,6,1.13238602742489
Feature,Point,27.6654,46.2169,21590652,E10,,East,12,12,0,0,6,6,1.13268717634005
Feature,Point,27.671,46.2324,21590626,Q114,,East,12,12,0,0,6,6,1.13373172781143
Feature,Point,27.6647,46.2194,21590570,C3,,East,12,12,0,0,6,6,1.13375271492637
Feature,Point,27.6721,46.2333,21590876,D6,,East,12,12,0,0,6,6,1.14092470214348
Feature,Point,27.6716,46.233,21590801,D2,,East,12,12,0,0,6,6,1.14232355813346
Feature,Point,27.6713,46.2328,21590795,B,,East,12,12,0,0,6,6,1.14260926142014
Feature,Point,27.6647,46.2184,21590736,B3,,East,12,12,0,0,6,6,1.14324056623347
Feature,Point,27.6657,46.2157,21590674,V2,,East,12,12,0,0,6,6,1.1434709190658
Feature,Point,27.6652,46.2167,21590666,E1,,East,12,12,0,0,6,6,1.14556517159931
Feature,Point,27.6729,46.2339,21590869,D11,,East,12,12,0,0,6,6,1.14686188554914
Feature,Point,27.6738,46.2344,21590874,D16,,East,12,12,0,0,6,6,1.14713119164296
Feature,Point,27.6642,46.22,21590678,C4,,East,12,12,0,0,6,6,1.15389631959123
Feature,Point,27.6651,46.2163,21590668,E2,,East,12,12,0,0,6,6,1.15788620553488
Feature,Point,27.6655,46.2154,21590675,V1,,East,12,12,0,0,6,6,1.15945568348722
Feature,Point,27.6718,46.2335,21590802,D4,,East,12,12,0,0,6,6,1.16080509855187
Feature,Point,27.6649,46.2166,21590838,E9,,East,12,12,0,0,6,6,1.1612423035698
Feature,Point,27.6735,46.2345,21590875,D17,,East,12,12,0,0,6,6,1.16131573639436
Feature,Point,27.6726,46.234,21590878,D9,,East,12,12,0,0,6,6,1.16137546161267
Feature,Point,27.6642,46.2189,21590567,C2,,East,12,12,0,0,6,6,1.161664685851
Feature,Point,27.6708,46.2329,21590776,A,,East,12,12,0,0,6,6,1.16451010442799
Feature,Point,27.6651,46.2158,21590669,E3,,East,12,12,0,0,6,6,1.16837888527266
Feature,Point,27.6645,46.2172,21590737,M1,,East,12,12,0,0,6,6,1.1692631073021
Feature,Point,27.6715,46.2335,21590799,D3,,East,12,12,0,0,6,6,1.17058336755169
Feature,Point,27.6641,46.2183,21590566,B7,,East,12,12,0,0,6,6,1.1726790016866
Feature,Point,27.6722,46.234,21590796,D7,,East,12,12,0,0,6,6,1.17380476479669
Feature,Point,27.6698,46.2324,21590754,C1,,East,12,12,0,0,6,6,1.17617700896244
Feature,Point,27.6692,46.232,21590688,B1,,East,12,12,0,0,6,6,1.18013577638825
Feature,Point,27.664,46.218,21590735,B2,,East,12,12,0,0,6,6,1.18105094985909
Feature,Point,27.6739,46.2351,21590811,Z3,,East,12,12,0,0,6,6,1.1832791963289
Feature,Point,27.6646,46.2161,21590839,E8,,East,12,12,0,0,6,6,1.18478999972562
Feature,Point,27.6706,46.2332,21590727,K4,,East,12,12,0,0,6,6,1.18583617336912
Feature,Point,27.6719,46.2341,21590797,D5,,East,12,12,0,0,6,6,1.18843319158334
Feature,Point,27.6643,46.2165,21590835,I3,,East,12,12,0,0,6,6,1.19072796505997
Feature,Point,27.6647,46.2156,21590671,E4,,East,12,12,0,0,6,6,1.19091980614459
Feature,Point,27.6635,46.2193,21590679,C5,,East,12,12,0,0,6,6,1.19153350264779
Feature,Point,27.6648,46.2153,21590672,E5,,East,12,12,0,0,6,6,1.19327215765605
Feature,Point,27.6636,46.2183,21590569,C1,,East,12,12,0,0,6,6,1.19624803824201
Feature,Point,27.6716,46.2341,21590781,S1,,East,12,12,0,0,6,6,1.19792864853047
Feature,Point,27.6634,46.2187,21590680,C6,,East,12,12,0,0,6,6,1.20145424276449
Feature,Point,27.6641,46.2163,21590836,I4,,East,12,12,0,0,6,6,1.20372032510298
Feature,Point,27.6636,46.2177,21590734,P1,,East,12,12,0,0,6,6,1.20379790379112
Feature,Point,27.6639,46.2167,21590733,I2,,East,12,12,0,0,6,6,1.20554157149877
Feature,Point,27.6665,46.23,21590575,3,,East,12,12,0,0,6,6,1.20702280174981
Feature,Point,27.6705,46.2336,21590777,C4,,East,12,12,0,0,6,6,1.208741313423
Feature,Point,27.6644,46.2153,21590673,E6,,East,12,12,0,0,6,6,1.21127870168297
Feature,Point,27.6731,46.2352,21590800,D18,,East,12,12,0,0,6,6,1.21141832974327
Feature,Point,27.671,46.234,21590779,Q110,,East,12,12,0,0,6,6,1.21213809706217
Feature,Point,27.664,46.2161,21590837,I5,,East,12,12,0,0,6,6,1.21222759116508
Feature,Point,27.6725,46.2349,21590782,Z5,,East,12,12,0,0,6,6,1.21251238036694
Feature,Point,27.6668,46.2305,21590577,5,,East,12,12,0,0,6,6,1.21269971956982
Feature,Point,27.6642,46.2155,21590840,E7,,East,12,12,0,0,6,6,1.21577711332624
Feature,Point,27.6645,46.2147,21590676,G6,,East,12,12,0,0,6,6,1.22131492944778
Feature,Point,27.6693,46.233,21590697,A4,,East,12,12,0,0,6,6,1.22159508886233
Feature,Point,27.6711,46.2343,21590778,11,,East,12,12,0,0,6,6,1.2241790064514
Feature,Point,27.6755,46.2366,21590818,E9,,East,12,12,0,0,6,6,1.22933778116402
Feature,Point,27.665,46.2135,21590660,D1,,East,12,12,0,0,6,6,1.23237825361754
Feature,Point,27.6646,46.2141,21590661,F1,,East,12,12,0,0,6,6,1.2326829768731
Feature,Point,27.6706,46.2342,21590780,10,,East,12,12,0,0,6,6,1.2352887451725
Feature,Point,27.6663,46.2306,21590576,4,,East,12,12,0,0,6,6,1.23663097246403
Feature,Point,27.6631,46.2169,21590732,P3,,East,12,12,0,0,6,6,1.23919910969783
Feature,Point,27.6628,46.2176,21590571,P4,,East,12,12,0,0,6,6,1.24265649229359
Feature,Point,27.6667,46.2312,21590578,B9,,East,12,12,0,0,6,6,1.24307538003503
Feature,Point,27.675,46.2367,21590882,Z1,,East,12,12,0,0,6,6,1.24732883163631
Feature,Point,27.6635,46.2154,21590730,I1,,East,12,12,0,0,6,6,1.24969581974026
Feature,Point,27.6637,46.215,21590849,G7,,East,12,12,0,0,6,6,1.24978050748504
Feature,Point,27.6687,46.2332,21590696,A3,,East,12,12,0,0,6,6,1.25218006796409
Feature,Point,27.6766,46.2374,21590881,IPA,,East,12,12,0,0,6,6,1.25331743781946
Feature,Point,27.6699,46.2341,21590755,B4,,East,12,12,0,0,6,6,1.25347769216102
Feature,Point,27.6693,46.2337,21590694,B13,,East,12,12,0,0,6,6,1.25449801783983
Feature,Point,27.6644,46.2134,21590677,F2,,East,12,12,0,0,6,6,1.26126725219452
Feature,Point,27.664,46.214,21590657,G5,,East,12,12,0,0,6,6,1.26177250914554
Feature,Point,27.6762,46.2374,21590823,S6,,East,12,12,0,0,6,6,1.26194928534001
Feature,Point,27.6695,46.234,21590728,B12,,East,12,12,0,0,6,6,1.26208531386048
Feature,Point,27.6662,46.2312,21590579,B6,,East,12,12,0,0,6,6,1.26297876985379
Feature,Point,27.6623,46.2171,21590572,P5,,East,12,12,0,0,6,6,1.27326562523
Feature,Point,27.6681,46.2332,21590695,A2,,East,12,12,0,0,6,6,1.27375845046213
Feature,Point,27.6771,46.2379,21590817,E8,,East,12,12,0,0,6,6,1.27413580078506
Feature,Point,27.6701,46.2347,21590759,B3,,East,12,12,0,0,6,6,1.27685123348507
Feature,Point,27.6638,46.2137,21590658,G4,,East,12,12,0,0,6,6,1.27879144651679
Feature,Point,27.6695,46.2344,21590756,A1,,East,12,12,0,0,6,6,1.28166329574683
Feature,Point,27.6753,46.2374,21590814,E4,,East,12,12,0,0,6,6,1.28220119362522
Feature,Point,27.6668,46.2324,21590689,C8,,East,12,12,0,0,6,6,1.28735996951671
Feature,Point,27.6628,46.2151,21590729,G1,,East,12,12,0,0,6,6,1.28805623405142
Feature,Point,27.6661,46.2318,21590580,B7,,East,12,12,0,0,6,6,1.29013863138928
Feature,Point,27.6771,46.2382,21590820,H11,,East,12,12,0,0,6,6,1.29298299317657
Feature,Point,27.6631,46.2142,21590659,G3,,East,12,12,0,0,6,6,1.29627298936184
Feature,Point,27.6676,46.2334,21590693,A1,,East,12,12,0,0,6,6,1.30089201341662
Feature,Point,27.6766,46.2382,21590812,E7,,East,12,12,0,0,6,6,1.30304094855449
Feature,Point,27.6657,46.2318,21590581,B8,,East,12,12,0,0,6,6,1.30589657296303
Feature,Point,27.6703,46.2354,21590758,B2,,East,12,12,0,0,6,6,1.30639244483685
Feature,Point,27.6697,46.2351,21590757,A2,,East,12,12,0,0,6,6,1.31012157896548
Feature,Point,27.6671,46.2332,21590590,C8,,East,12,12,0,0,6,6,1.31032796737419
Feature,Point,27.6746,46.2376,21590822,S1,,East,12,12,0,0,6,6,1.31067825159022
Feature,Point,27.6766,46.2384,21590819,H10,,East,12,12,0,0,6,6,1.31554110056405
Feature,Point,27.6625,46.2145,21590726,G2,,East,12,12,0,0,6,6,1.31555766046852
Feature,Point,27.6687,46.2346,21590589,B5,,East,12,12,0,0,6,6,1.31842622046571
Feature,Point,27.6762,46.2384,21590816,E6,,East,12,12,0,0,6,6,1.32376712093473
Feature,Point,27.6755,46.2382,21590815,E5,,East,12,12,0,0,6,6,1.32641640742379
Feature,Point,27.6737,46.2375,21590789,R1,,East,12,12,0,0,6,6,1.32677490205138
Feature,Point,27.669,46.235,21590593,B6,,East,12,12,0,0,6,6,1.32804570423265
Feature,Point,27.6618,46.2152,21590725,P10,,East,12,12,0,0,6,6,1.33120473535412
Feature,Point,27.6705,46.236,21590761,B1,,East,12,12,0,0,6,6,1.3317726878486
Feature,Point,27.6761,46.2386,21590821,H9,,East,12,12,0,0,6,6,1.33828842678988
Feature,Point,27.6693,46.2354,21590595,B7,,East,12,12,0,0,6,6,1.33832081050498
Feature,Point,27.6699,46.2358,21590760,A3,,East,12,12,0,0,6,6,1.33979047384019
Feature,Point,27.6768,46.2389,21590649,2,,East,12,12,0,0,6,6,1.34297055362787
Feature,Point,27.6668,46.2337,21590583,D,,East,12,12,0,0,6,6,1.34345408679461
Feature,Point,27.6749,46.2383,21590813,E2,,East,12,12,0,0,6,6,1.34594042805731
Feature,Point,27.6683,46.2349,21590591,D1,,East,12,12,0,0,6,6,1.34659837443542
Feature,Point,27.6731,46.2376,21590783,CON,,East,12,12,0,0,6,6,1.3478775308001
Feature,Point,27.6677,46.2345,21590585,7,,East,12,12,0,0,6,6,1.34804223086521
Feature,Point,27.6734,46.2378,21590790,R2,,East,12,12,0,0,6,6,1.35194604961731
Feature,Point,27.6742,46.2382,21590784,E1,,East,12,12,0,0,6,6,1.35615236859154
Feature,Point,27.6686,46.2353,21590594,D2,,East,12,12,0,0,6,6,1.35623827228005
Feature,Point,27.6612,46.2153,21590568,P9,,East,12,12,0,0,6,6,1.35643251808627
Feature,Point,27.6609,46.2159,21590573,P7-P8,,East,12,12,0,0,6,6,1.35844655497905
Feature,Point,27.667,46.2342,21590584,6,,East,12,12,0,0,6,6,1.35881773146262
Feature,Point,27.6757,46.2388,21590883,Z2,,East,12,12,0,0,6,6,1.35909424202481
Feature,Point,27.67,46.2363,21590768,I4,,East,12,12,0,0,6,6,1.36299228979144
Feature,Point,27.6666,46.234,21590582,11,,East,12,12,0,0,6,6,1.36416203499323
Feature,Point,27.6689,46.2357,21590596,D3,,East,12,12,0,0,6,6,1.36651997119993
Feature,Point,27.6765,46.2392,21590650,Virgotex,,East,12,12,0,0,6,6,1.36775648119036
Feature,Point,27.6703,46.2366,21590766,I2,,East,12,12,0,0,6,6,1.36992438431456
Feature,Point,27.6748,46.2387,21590879,H6,,East,12,12,0,0,6,6,1.37255972279667
Feature,Point,27.6735,46.2382,21590785,H3,,East,12,12,0,0,6,6,1.37306240803791
Feature,Point,27.6728,46.2379,21590787,K1,,East,12,12,0,0,6,6,1.37306557003601
Feature,Point,27.6709,46.237,21590770,Z1,,East,12,12,0,0,6,6,1.37402903639185
Feature,Point,27.6693,46.2361,21590601,D4,,East,12,12,0,0,6,6,1.37426909571273
Feature,Point,27.6671,46.2347,21590586,8,,East,12,12,0,0,6,6,1.3784513147409
Feature,Point,27.6675,46.2352,21590587,9,,East,12,12,0,0,6,6,1.3883847438658
Feature,Point,27.6702,46.2369,21590765,I1,,East,12,12,0,0,6,6,1.38909592982888
Feature,Point,27.6738,46.2386,21590786,H4,,East,12,12,0,0,6,6,1.38963780554613
Feature,Point,27.6751,46.2391,21590884,Z4,,East,12,12,0,0,6,6,1.39046961365129
Feature,Point,27.6759,46.2394,21590648,1,,East,12,12,0,0,6,6,1.39230545778362
Feature,Point,27.6697,46.2367,21590767,I3,,East,12,12,0,0,6,6,1.39341237851788
Feature,Point,27.6678,46.2356,21590588,B8,,East,12,12,0,0,6,6,1.39775390902152
Feature,Point,27.6744,46.239,21590880,H5,,East,12,12,0,0,6,6,1.39985536550919
Feature,Point,27.6733,46.2386,21590791,K2,,East,12,12,0,0,6,6,1.40169308972971
Feature,Point,27.6681,46.236,21590592,B9,,East,12,12,0,0,6,6,1.40774973217309
Feature,Point,27.6747,46.2393,21590885,Z5,,East,12,12,0,0,6,6,1.41149186080264
Feature,Point,27.6716,46.2381,21590771,Z2,,East,12,12,0,0,6,6,1.41620342003606
Feature,Point,27.6693,46.2369,21590603,C1,,East,12,12,0,0,6,6,1.41625855572947
Feature,Point,27.6699,46.2373,21590773,Z4,,East,12,12,0,0,6,6,1.41966721094199
Feature,Point,27.6683,46.2364,21590597,B10,,East,12,12,0,0,6,6,1.42156559460439
Feature,Point,27.6739,46.2392,21590788,K3,,East,12,12,0,0,6,6,1.42342338977815
Feature,Point,27.6687,46.2368,21590598,V10,,East,12,12,0,0,6,6,1.42956793618212
Feature,Point,27.6743,46.2395,21590886,Z6,,East,12,12,0,0,6,6,1.43259404515899
Feature,Point,27.6717,46.2385,21590763,B8,,East,12,12,0,0,6,6,1.4364876693291
Feature,Point,27.6723,46.2388,21590775,V1,,East,12,12,0,0,6,6,1.43839037349341
Feature,Point,27.6691,46.2373,21590599,V9,,East,12,12,0,0,6,6,1.44364208532245
Feature,Point,27.6712,46.2384,21590764,E4,,East,12,12,0,0,6,6,1.44410397876347
Feature,Point,27.6719,46.2389,21590774,E3,,East,12,12,0,0,6,6,1.45445120826841
Feature,Point,27.6713,46.2387,21590769,I5,,East,12,12,0,0,6,6,1.45858441658861
Feature,Point,27.6726,46.2393,21590613,V2,,East,12,12,0,0,6,6,1.46036950111497
Feature,Point,27.6694,46.2378,21590600,V8,,East,12,12,0,0,6,6,1.4615961093058
Feature,Point,27.6705,46.2384,21590772,Z3,,East,12,12,0,0,6,6,1.46327830133219
Feature,Point,27.6722,46.2392,21590619,B5,,East,12,12,0,0,6,6,1.46438654768036
Feature,Point,27.6709,46.2388,21590762,B7,,East,12,12,0,0,6,6,1.47501260944366
Feature,Point,27.6717,46.2392,21590610,V3,,East,12,12,0,0,6,6,1.47706922431556
Feature,Point,27.6584,46.2154,21590681,Confectii,,East,12,12,0,0,6,6,1.48286281164503
Feature,Point,27.6726,46.2397,21590617,B1,,East,12,12,0,0,6,6,1.48415838168099
Feature,Point,27.6697,46.2384,21590602,V7,,East,12,12,0,0,6,6,1.48581159370821
Feature,Point,27.6713,46.2392,21590620,B6,,East,12,12,0,0,6,6,1.48741400836682
Feature,Point,27.6709,46.2391,21590607,V4,,East,12,12,0,0,6,6,1.49218671269696
Feature,Point,27.6729,46.24,21590616,A5,,East,12,12,0,0,6,6,1.49498417494791
Feature,Point,27.672,46.2397,21590615,B2,,East,12,12,0,0,6,6,1.49884380213132
Feature,Point,27.67,46.2389,21590604,V6,,East,12,12,0,0,6,6,1.50528145007286
Feature,Point,27.6722,46.2399,21590614,A4,,East,12,12,0,0,6,6,1.50577026563555
Feature,Point,27.673,46.2403,21590618,F1,,East,12,12,0,0,6,6,1.51075183190351
Feature,Point,27.6713,46.2397,21590612,B3,,East,12,12,0,0,6,6,1.51648264162722
Feature,Point,27.6716,46.2399,21590611,A3,,East,12,12,0,0,6,6,1.52060752478393
Feature,Point,27.6703,46.2394,21590605,V5,,East,12,12,0,0,6,6,1.5254203844494
Feature,Point,27.6706,46.2396,21590609,B4,,East,12,12,0,0,6,6,1.52888547383343
Feature,Point,27.6709,46.2398,21590608,A2,,East,12,12,0,0,6,6,1.53260158655966
Feature,Point,27.6724,46.2407,21590711,C1,,East,12,12,0,0,6,6,1.54885347787183
Feature,Point,27.6703,46.2399,21590606,A1,,East,12,12,0,0,6,6,1.5540851607588
Feature,Point,27.672,46.2407,21590710,C2,,East,12,12,0,0,6,6,1.55831119064233
Feature,Point,27.6697,46.2397,21590698,D1,,East,12,12,0,0,6,6,1.55874866470228
Feature,Point,27.6692,46.2397,21590701,G1,,East,12,12,0,0,6,6,1.57248670443397
Feature,Point,27.6716,46.2409,21590709,C3,,East,12,12,0,0,6,6,1.57985996523113
Feature,Point,27.6692,46.24,21590702,G2,,East,12,12,0,0,6,6,1.58941840500815
Feature,Point,27.6697,46.2403,21590699,D2,,East,12,12,0,0,6,6,1.5929940793646
Feature,Point,27.6712,46.2411,21590708,C4,,East,12,12,0,0,6,6,1.60146623081934
Feature,Point,27.6692,46.2404,21590703,G3,,East,12,12,0,0,6,6,1.61213201286919
Feature,Point,27.6698,46.2407,21590700,D3,,East,12,12,0,0,6,6,1.61339050351457
Feature,Point,27.6708,46.2412,21590707,D5,,East,12,12,0,0,6,6,1.61720775453111
Feature,Point,27.6694,46.2409,21590704,E1,,East,12,12,0,0,6,6,1.63544277576431
Feature,Point,27.6702,46.2413,21590706,D4,,East,12,12,0,0,6,6,1.63807318146509
Feature,Point,27.6697,46.2415,21590705,E2,,East,12,12,0,0,6,6,1.66247059517152
Feature,Point,27.6816,46.2494,21590794,4,,East,12,12,0,0,6,6,1.97724676735241
Feature,Point,27.6814,46.2507,21590793,3,,East,12,12,0,0,6,6,2.06744419837156
Feature,Point,27.6818,46.2509,21590792,2,,East,12,12,0,0,6,6,2.07815490765315
