title,type,longitude,latitude,remote_id
ANL,Feature,27.6895,46.2298,21590547
D4,Feature,27.6736,46.2201,21590684
D3,Feature,27.6733,46.2206,21590724
E7,Feature,27.6743,46.2253,21590560
D2,Feature,27.6732,46.2198,21590686
D1,Feature,27.6734,46.2184,21590682
D5,Feature,27.6728,46.2212,21590561
C2,Feature,27.673,46.2183,21590683
C5,Feature,27.6724,46.2204,21590687
E6,Feature,27.6723,46.2217,21590559
B2,Feature,27.6732,46.2174,21590629
C4,Feature,27.6723,46.2198,21590685
B1,Feature,27.6734,46.2167,21590628
E6,Feature,27.6721,46.222,21590548
C1,Feature,27.6724,46.2185,21590642
G1,Feature,27.6725,46.218,21590641
CFR2,Feature,27.6737,46.2159,21590638
C3,Feature,27.672,46.2193,21590723
D4,Feature,27.6726,46.2175,21590715
D3,Feature,27.6728,46.2168,21590714
G7,Feature,27.672,46.2185,21590722
A1,Feature,27.673,46.2163,21590712
E8,Feature,27.6715,46.222,21590549
C3,Feature,27.6721,46.2179,21590718
C4,Feature,27.6723,46.2172,21590716
AIV,Feature,27.6728,46.2161,21590637
C1-2,Feature,27.6723,46.2258,21590656
C2,Feature,27.6718,46.2174,21590720
G8,Feature,27.6714,46.2182,21590721
B1-3,Feature,27.6722,46.2261,21590808
15G,Feature,27.6717,46.217,21590719
C1,Feature,27.6722,46.2161,21590717
G6,Feature,27.6709,46.2186,21590713
D1-8,Feature,27.6716,46.2257,21590574
2,Feature,27.6711,46.2247,21590749
B2,Feature,27.6716,46.2166,21590841
G3,Feature,27.6712,46.2172,21590843
G2,Feature,27.6708,46.2178,21590640
G5,Feature,27.6705,46.2185,21590639
1,Feature,27.671,46.2252,21590748
X3,Feature,27.672,46.2271,21590809
D1-8,Feature,27.671,46.2256,21590731
A5,Feature,27.6711,46.2165,21590845
D9-10,Feature,27.6711,46.226,21590807
B1,Feature,27.6712,46.2161,21590844
Q2,Feature,27.6745,46.2298,21590865
H1-2,Feature,27.6719,46.2274,21590646
1,Feature,27.6741,46.2296,21590887
G4,Feature,27.67,46.2184,21590551
1,Feature,27.6724,46.2281,21590643
C3,Feature,27.6715,46.2271,21590806
3,Feature,27.6701,46.2249,21590750
D1-8,Feature,27.6705,46.226,21590752
A3,Feature,27.6706,46.2161,21590846
G1-5,Feature,27.6718,46.2279,21590645
C1,Feature,27.6711,46.2153,21590630
A2,Feature,27.6721,46.2283,21590644
P3,Feature,27.6708,46.2156,21590633
D2,Feature,27.6706,46.2159,21590842
XI,Feature,27.6714,46.2276,21590564
P4,Feature,27.6708,46.2154,21590634
A4,Feature,27.6701,46.2165,21590555
2,Feature,27.6716,46.2282,21590647
S1-2,Feature,27.6697,46.2254,21590746
G1-2,Feature,27.67,46.226,21590747
X,Feature,27.6713,46.2279,21590563
C1,Feature,27.6738,46.2303,21590855
12,Feature,27.6702,46.2264,21590751
G1,Feature,27.6734,46.23,21590862
MBA,Feature,27.6703,46.2268,21590745
L1,Feature,27.6689,46.2185,21590663
B1,Feature,27.6694,46.2171,21590554
G2,Feature,27.6739,46.2306,21590867
O2,Feature,27.6685,46.2196,21590558
O3,Feature,27.6685,46.2193,21590824
D1-D2,Feature,27.6728,46.2299,21590856
A2,Feature,27.6698,46.2159,21590556
A1,Feature,27.671,46.2282,21590562
I1-2,Feature,27.6693,46.2257,21590691
P2,Feature,27.6701,46.2151,21590632
A3,Feature,27.6691,46.2168,21590553
P1,Feature,27.6699,46.2153,21590631
O1,Feature,27.6681,46.2197,21590557
ONT,Feature,27.6698,46.227,21590810
H1-3,Feature,27.6693,46.2262,21590690
I2,Feature,27.6683,46.2185,21590828
A1,Feature,27.6736,46.231,21590853
M1-4,Feature,27.6695,46.2268,21590805
D3,Feature,27.673,46.2306,21590857
O4,Feature,27.668,46.219,21590826
D4,Feature,27.6727,46.2304,21590858
A1,Feature,27.6693,46.2157,21590848
A4,Feature,27.6688,46.2165,21590623
F1,Feature,27.6722,46.2301,21590861
B1,Feature,27.6732,46.2309,21590854
A2,Feature,27.669,46.216,21590552
VI,Feature,27.6688,46.226,21590692
K3,Feature,27.6681,46.2178,21590832
D1,Feature,27.6695,46.215,21590847
O5,Feature,27.6676,46.2191,21590827
I2,Feature,27.6726,46.2308,21590864
A5,Feature,27.6685,46.2163,21590622
M6,Feature,27.6673,46.22,21590744
VI,Feature,27.669,46.2151,21590636
A1,Feature,27.6686,46.2156,21590550
A6,Feature,27.6683,46.216,21590621
C7,Feature,27.6682,46.2262,21590851
N4,Feature,27.667,46.2192,21590825
N3,Feature,27.6671,46.2185,21590829
I1,Feature,27.6732,46.2318,21590863
K4,Feature,27.6672,46.2181,21590830
D5,Feature,27.6736,46.2321,21590859
D6,Feature,27.6737,46.2322,21590860
V1,Feature,27.669,46.2144,21590635
K2,Feature,27.6672,46.2177,21590665
K1,Feature,27.6673,46.2173,21590664
K5,Feature,27.6669,46.218,21590834
UMPS,Feature,27.6691,46.2285,21590753
M5,Feature,27.6665,46.2193,21590741
U1-11,Feature,27.6676,46.2266,21590850
4,Feature,27.6677,46.2269,21590852
C,Feature,27.6728,46.2322,21590866
N2,Feature,27.6664,46.2182,21590831
J2,Feature,27.6666,46.2171,21590662
73,Feature,27.6663,46.2176,21590833
M4,Feature,27.6659,46.2187,21590740
Z4,Feature,27.6729,46.2327,21590868
M3,Feature,27.6657,46.2184,21590739
B5,Feature,27.6655,46.2192,21590743
E,Feature,27.6716,46.2322,21590627
N1,Feature,27.6657,46.2178,21590655
D14,Feature,27.6734,46.2334,21590872
E12,Feature,27.666,46.2167,21590654
C,Feature,27.672,46.2326,21590798
D1,Feature,27.6724,46.2329,21590803
B114,Feature,27.6709,46.2319,21590624
D12,Feature,27.6731,46.2334,21590870
J1,Feature,27.6655,46.2175,21590651
D10,Feature,27.6728,46.2333,21590804
D,Feature,27.6713,46.2323,21590625
B4,Feature,27.6651,46.2188,21590742
E11,Feature,27.6657,46.2168,21590653
D15,Feature,27.6735,46.2338,21590873
V3,Feature,27.6659,46.2161,21590667
D8,Feature,27.6724,46.2332,21590877
ANL,Feature,27.6661,46.2156,21590670
M2,Feature,27.6651,46.2178,21590738
B6,Feature,27.6648,46.219,21590565
D13,Feature,27.6732,46.2338,21590871
E10,Feature,27.6654,46.2169,21590652
Q114,Feature,27.671,46.2324,21590626
C3,Feature,27.6647,46.2194,21590570
D6,Feature,27.6721,46.2333,21590876
D2,Feature,27.6716,46.233,21590801
B,Feature,27.6713,46.2328,21590795
B3,Feature,27.6647,46.2184,21590736
V2,Feature,27.6657,46.2157,21590674
E1,Feature,27.6652,46.2167,21590666
D11,Feature,27.6729,46.2339,21590869
D16,Feature,27.6738,46.2344,21590874
C4,Feature,27.6642,46.22,21590678
E2,Feature,27.6651,46.2163,21590668
V1,Feature,27.6655,46.2154,21590675
D4,Feature,27.6718,46.2335,21590802
E9,Feature,27.6649,46.2166,21590838
D17,Feature,27.6735,46.2345,21590875
D9,Feature,27.6726,46.234,21590878
C2,Feature,27.6642,46.2189,21590567
A,Feature,27.6708,46.2329,21590776
E3,Feature,27.6651,46.2158,21590669
M1,Feature,27.6645,46.2172,21590737
D3,Feature,27.6715,46.2335,21590799
B7,Feature,27.6641,46.2183,21590566
D7,Feature,27.6722,46.234,21590796
C1,Feature,27.6698,46.2324,21590754
B1,Feature,27.6692,46.232,21590688
B2,Feature,27.664,46.218,21590735
Z3,Feature,27.6739,46.2351,21590811
E8,Feature,27.6646,46.2161,21590839
K4,Feature,27.6706,46.2332,21590727
D5,Feature,27.6719,46.2341,21590797
I3,Feature,27.6643,46.2165,21590835
E4,Feature,27.6647,46.2156,21590671
C5,Feature,27.6635,46.2193,21590679
E5,Feature,27.6648,46.2153,21590672
C1,Feature,27.6636,46.2183,21590569
S1,Feature,27.6716,46.2341,21590781
C6,Feature,27.6634,46.2187,21590680
I4,Feature,27.6641,46.2163,21590836
P1,Feature,27.6636,46.2177,21590734
I2,Feature,27.6639,46.2167,21590733
3,Feature,27.6665,46.23,21590575
C4,Feature,27.6705,46.2336,21590777
E6,Feature,27.6644,46.2153,21590673
D18,Feature,27.6731,46.2352,21590800
Q110,Feature,27.671,46.234,21590779
I5,Feature,27.664,46.2161,21590837
Z5,Feature,27.6725,46.2349,21590782
5,Feature,27.6668,46.2305,21590577
E7,Feature,27.6642,46.2155,21590840
G6,Feature,27.6645,46.2147,21590676
A4,Feature,27.6693,46.233,21590697
11,Feature,27.6711,46.2343,21590778
E9,Feature,27.6755,46.2366,21590818
D1,Feature,27.665,46.2135,21590660
F1,Feature,27.6646,46.2141,21590661
10,Feature,27.6706,46.2342,21590780
4,Feature,27.6663,46.2306,21590576
P3,Feature,27.6631,46.2169,21590732
P4,Feature,27.6628,46.2176,21590571
B9,Feature,27.6667,46.2312,21590578
Z1,Feature,27.675,46.2367,21590882
I1,Feature,27.6635,46.2154,21590730
G7,Feature,27.6637,46.215,21590849
A3,Feature,27.6687,46.2332,21590696
IPA,Feature,27.6766,46.2374,21590881
B4,Feature,27.6699,46.2341,21590755
B13,Feature,27.6693,46.2337,21590694
F2,Feature,27.6644,46.2134,21590677
G5,Feature,27.664,46.214,21590657
S6,Feature,27.6762,46.2374,21590823
B12,Feature,27.6695,46.234,21590728
B6,Feature,27.6662,46.2312,21590579
P5,Feature,27.6623,46.2171,21590572
A2,Feature,27.6681,46.2332,21590695
E8,Feature,27.6771,46.2379,21590817
B3,Feature,27.6701,46.2347,21590759
G4,Feature,27.6638,46.2137,21590658
A1,Feature,27.6695,46.2344,21590756
E4,Feature,27.6753,46.2374,21590814
C8,Feature,27.6668,46.2324,21590689
G1,Feature,27.6628,46.2151,21590729
B7,Feature,27.6661,46.2318,21590580
H11,Feature,27.6771,46.2382,21590820
G3,Feature,27.6631,46.2142,21590659
A1,Feature,27.6676,46.2334,21590693
E7,Feature,27.6766,46.2382,21590812
B8,Feature,27.6657,46.2318,21590581
B2,Feature,27.6703,46.2354,21590758
A2,Feature,27.6697,46.2351,21590757
C8,Feature,27.6671,46.2332,21590590
S1,Feature,27.6746,46.2376,21590822
H10,Feature,27.6766,46.2384,21590819
G2,Feature,27.6625,46.2145,21590726
B5,Feature,27.6687,46.2346,21590589
E6,Feature,27.6762,46.2384,21590816
E5,Feature,27.6755,46.2382,21590815
R1,Feature,27.6737,46.2375,21590789
B6,Feature,27.669,46.235,21590593
P10,Feature,27.6618,46.2152,21590725
B1,Feature,27.6705,46.236,21590761
H9,Feature,27.6761,46.2386,21590821
B7,Feature,27.6693,46.2354,21590595
A3,Feature,27.6699,46.2358,21590760
2,Feature,27.6768,46.2389,21590649
D,Feature,27.6668,46.2337,21590583
E2,Feature,27.6749,46.2383,21590813
D1,Feature,27.6683,46.2349,21590591
CON,Feature,27.6731,46.2376,21590783
7,Feature,27.6677,46.2345,21590585
R2,Feature,27.6734,46.2378,21590790
E1,Feature,27.6742,46.2382,21590784
D2,Feature,27.6686,46.2353,21590594
P9,Feature,27.6612,46.2153,21590568
P7-P8,Feature,27.6609,46.2159,21590573
6,Feature,27.667,46.2342,21590584
Z2,Feature,27.6757,46.2388,21590883
I4,Feature,27.67,46.2363,21590768
11,Feature,27.6666,46.234,21590582
D3,Feature,27.6689,46.2357,21590596
Virgotex,Feature,27.6765,46.2392,21590650
I2,Feature,27.6703,46.2366,21590766
H6,Feature,27.6748,46.2387,21590879
H3,Feature,27.6735,46.2382,21590785
K1,Feature,27.6728,46.2379,21590787
Z1,Feature,27.6709,46.237,21590770
D4,Feature,27.6693,46.2361,21590601
8,Feature,27.6671,46.2347,21590586
9,Feature,27.6675,46.2352,21590587
I1,Feature,27.6702,46.2369,21590765
H4,Feature,27.6738,46.2386,21590786
Z4,Feature,27.6751,46.2391,21590884
1,Feature,27.6759,46.2394,21590648
I3,Feature,27.6697,46.2367,21590767
B8,Feature,27.6678,46.2356,21590588
H5,Feature,27.6744,46.239,21590880
K2,Feature,27.6733,46.2386,21590791
B9,Feature,27.6681,46.236,21590592
Z5,Feature,27.6747,46.2393,21590885
Z2,Feature,27.6716,46.2381,21590771
C1,Feature,27.6693,46.2369,21590603
Z4,Feature,27.6699,46.2373,21590773
B10,Feature,27.6683,46.2364,21590597
K3,Feature,27.6739,46.2392,21590788
V10,Feature,27.6687,46.2368,21590598
Z6,Feature,27.6743,46.2395,21590886
B8,Feature,27.6717,46.2385,21590763
V1,Feature,27.6723,46.2388,21590775
V9,Feature,27.6691,46.2373,21590599
E4,Feature,27.6712,46.2384,21590764
E3,Feature,27.6719,46.2389,21590774
I5,Feature,27.6713,46.2387,21590769
V2,Feature,27.6726,46.2393,21590613
V8,Feature,27.6694,46.2378,21590600
Z3,Feature,27.6705,46.2384,21590772
B5,Feature,27.6722,46.2392,21590619
B7,Feature,27.6709,46.2388,21590762
V3,Feature,27.6717,46.2392,21590610
Confectii,Feature,27.6584,46.2154,21590681
B1,Feature,27.6726,46.2397,21590617
V7,Feature,27.6697,46.2384,21590602
B6,Feature,27.6713,46.2392,21590620
V4,Feature,27.6709,46.2391,21590607
A5,Feature,27.6729,46.24,21590616
B2,Feature,27.672,46.2397,21590615
V6,Feature,27.67,46.2389,21590604
A4,Feature,27.6722,46.2399,21590614
F1,Feature,27.673,46.2403,21590618
B3,Feature,27.6713,46.2397,21590612
A3,Feature,27.6716,46.2399,21590611
V5,Feature,27.6703,46.2394,21590605
B4,Feature,27.6706,46.2396,21590609
A2,Feature,27.6709,46.2398,21590608
C1,Feature,27.6724,46.2407,21590711
A1,Feature,27.6703,46.2399,21590606
C2,Feature,27.672,46.2407,21590710
D1,Feature,27.6697,46.2397,21590698
G1,Feature,27.6692,46.2397,21590701
C3,Feature,27.6716,46.2409,21590709
G2,Feature,27.6692,46.24,21590702
D2,Feature,27.6697,46.2403,21590699
C4,Feature,27.6712,46.2411,21590708
G3,Feature,27.6692,46.2404,21590703
D3,Feature,27.6698,46.2407,21590700
D5,Feature,27.6708,46.2412,21590707
E1,Feature,27.6694,46.2409,21590704
D4,Feature,27.6702,46.2413,21590706
E2,Feature,27.6697,46.2415,21590705
4,Feature,27.6816,46.2494,21590794
3,Feature,27.6814,46.2507,21590793
2,Feature,27.6818,46.2509,21590792
