type,geometry/type,longitude,latitude,properties/id,properties/title,properties/description,properties/face,properties/icon/url,properties/icon/scaledSize/width,properties/icon/scaledSize/height,properties/icon/origin/x,properties/icon/origin/y,properties/icon/anchor/x,properties/icon/anchor/y,distance_miles
Feature,Point,27.6895,46.2298,21590547,ANL,,East,//www.hartablocuri.ro/i/d.png,12,12,0,0,6.0,6.0,0.5998542495585286
Feature,Point,27.6736,46.2201,21590684,D4,,East,//www.hartablocuri.ro/i/d.png,12,12,0,0,6.0,6.0,0.7055300457555306
Feature,Point,27.6733,46.2206,21590724,D3,,East,//www.hartablocuri.ro/i/d.png,12,12,0,0,6.0,6.0,0.7171016397914218
Feature,Point,27.6743,46.2253,21590560,E7,,East,//www.hartablocuri.ro/i/d.png,12,12,0,0,6.0,6.0,0.7268782502424926
Feature,Point,27.6732,46.2198,21590686,D2,,East,//www.hartablocuri.ro/i/d.png,12,12,0,0,6.0,6.0,0.7269424495875715
Feature,Point,27.6734,46.2184,21590682,D1,,East,//www.hartablocuri.ro/i/d.png,12,12,0,0,6.0,6.0,0.7364130102696644
Feature,Point,27.6728,46.2212,21590561,D5,,East,//www.hartablocuri.ro/i/d.png,12,12,0,0,6.0,6.0,0.7399616420688985
Feature,Point,27.673,46.2183,21590683,C2,,East,//www.hartablocuri.ro/i/d.png,12,12,0,0,6.0,6.0,0.7566759291718248
Feature,Point,27.6724,46.2204,21590687,C5,,East,//www.hartablocuri.ro/i/d.png,12,12,0,0,6.0,6.0,0.7608991236044023
Feature,Point,27.6723,46.2217,21590559,E6,,East,//www.hartablocuri.ro/i/d.png,12,12,0,0,6.0,6.0,0.7647672715929883
Feature,Point,27.6732,46.2174,21590629,B2,,East,//www.hartablocuri.ro/i/d.png,12,12,0,0,6.0,6.0,0.7662485248561457
Feature,Point,27.6723,46.2198,21590685,C4,,East,//www.hartablocuri.ro/i/d.png,12,12,0,0,6.0,6.0,0.7696283554502112
Feature,Point,27.6734,46.2167,21590628,B1,,East,//www.hartablocuri.ro/i/d.png,12,12,0,0,6.0,6.0,0.7751914003876414
Feature,Point,27.6721,46.222,21590548,E6,,East,//www.hartablocuri.ro/i/d.png,12,12,0,0,6.0,6.0,0.7755905923568862
Feature,Point,27.6724,46.2185,21590642,C1,,East,//www.hartablocuri.ro/i/d.png,12,12,0,0,6.0,6.0,0.7810326258359058
Feature,Point,27.6725,46.218,21590641,G1,,East,//www.hartablocuri.ro/i/d.png,12,12,0,0,6.0,6.0,0.7852868973824619
Feature,Point,27.6737,46.2159,21590638,CFR2,,East,//www.hartablocuri.ro/i/d.png,12,12,0,0,6.0,6.0,0.7860387284791647
Feature,Point,27.672,46.2193,21590723,C3,,East,//www.hartablocuri.ro/i/d.png,12,12,0,0,6.0,6.0,0.7887567376165744
Feature,Point,27.6726,46.2175,21590715,D4,,East,//www.hartablocuri.ro/i/d.png,12,12,0,0,6.0,6.0,0.7910574437711012
Feature,Point,27.6728,46.2168,21590714,D3,,East,//www.hartablocuri.ro/i/d.png,12,12,0,0,6.0,6.0,0.7989620484907697
Feature,Point,27.672,46.2185,21590722,G7,,East,//www.hartablocuri.ro/i/d.png,12,12,0,0,6.0,6.0,0.7996314908683223
Feature,Point,27.673,46.2163,21590712,A1,,East,//www.hartablocuri.ro/i/d.png,12,12,0,0,6.0,6.0,0.8039252499772244
Feature,Point,27.6715,46.222,21590549,E8,,East,//www.hartablocuri.ro/i/d.png,12,12,0,0,6.0,6.0,0.8041970041520349
Feature,Point,27.6721,46.2179,21590718,C3,,East,//www.hartablocuri.ro/i/d.png,12,12,0,0,6.0,6.0,0.8055791639789903
Feature,Point,27.6723,46.2172,21590716,C4,,East,//www.hartablocuri.ro/i/d.png,12,12,0,0,6.0,6.0,0.8114160408745237
Feature,Point,27.6728,46.2161,21590637,AIV,,East,//www.hartablocuri.ro/i/d.png,12,12,0,0,6.0,6.0,0.8184315682251142
Feature,Point,27.6723,46.2258,21590656,C1-2,,East,//www.hartablocuri.ro/i/d.png,12,12,0,0,6.0,6.0,0.8283874295223101
Feature,Point,27.6718,46.2174,21590720,C2,,East,//www.hartablocuri.ro/i/d.png,12,12,0,0,6.0,6.0,0.8295262858547289
Feature,Point,27.6714,46.2182,21590721,G8,,East,//www.hartablocuri.ro/i/d.png,12,12,0,0,6.0,6.0,0.8324260059366582
Feature,Point,27.6722,46.2261,21590808,B1-3,,East,//www.hartablocuri.ro/i/d.png,12,12,0,0,6.0,6.0,0.8409935547283258
Feature,Point,27.6717,46.217,21590719,15G,,East,//www.hartablocuri.ro/i/d.png,12,12,0,0,6.0,6.0,0.8430892434972901
Feature,Point,27.6722,46.2161,21590717,C1,,East,//www.hartablocuri.ro/i/d.png,12,12,0,0,6.0,6.0,0.8444567117528705
Feature,Point,27.6709,46.2186,21590713,G6,,East,//www.hartablocuri.ro/i/d.png,12,12,0,0,6.0,6.0,0.849431749160803
Feature,Point,27.6716,46.2257,21590574,D1-8,,East,//www.hartablocuri.ro/i/d.png,12,12,0,0,6.0,6.0,0.8567872665306254
Feature,Point,27.6711,46.2247,21590749,2,,East,//www.hartablocuri.ro/i/d.png,12,12,0,0,6.0,6.0,0.856857536281004
Feature,Point,27.6716,46.2166,21590841,B2,,East,//www.hartablocuri.ro/i/d.png,12,12,0,0,6.0,6.0,0.8573556686232644
Feature,Point,27.6712,46.2172,21590843,G3,,East,//www.hartablocuri.ro/i/d.png,12,12,0,0,6.0,6.0,0.8611078671474145
Feature,Point,27.6708,46.2178,21590640,G2,,East,//www.hartablocuri.ro/i/d.png,12,12,0,0,6.0,6.0,0.8672503279469828
Feature,Point,27.6705,46.2185,21590639,G5,,East,//www.hartablocuri.ro/i/d.png,12,12,0,0,6.0,6.0,0.8695798598713295
Feature,Point,27.671,46.2252,21590748,1,,East,//www.hartablocuri.ro/i/d.png,12,12,0,0,6.0,6.0,0.8718763282316554
Feature,Point,27.672,46.2271,21590809,X3,,East,//www.hartablocuri.ro/i/d.png,12,12,0,0,6.0,6.0,0.8797693372910064
Feature,Point,27.671,46.2256,21590731,D1-8,,East,//www.hartablocuri.ro/i/d.png,12,12,0,0,6.0,6.0,0.8811120156917958
Feature,Point,27.6711,46.2165,21590845,A5,,East,//www.hartablocuri.ro/i/d.png,12,12,0,0,6.0,6.0,0.8821305753204391
Feature,Point,27.6711,46.226,21590807,D9-10,,East,//www.hartablocuri.ro/i/d.png,12,12,0,0,6.0,6.0,0.886680332791394
Feature,Point,27.6712,46.2161,21590844,B1,,East,//www.hartablocuri.ro/i/d.png,12,12,0,0,6.0,6.0,0.8881961870718403
Feature,Point,27.6745,46.2298,21590865,Q2,,East,//www.hartablocuri.ro/i/d.png,12,12,0,0,6.0,6.0,0.8889376781617561
Feature,Point,27.6719,46.2274,21590646,H1-2,,East,//www.hartablocuri.ro/i/d.png,12,12,0,0,6.0,6.0,0.8938117389095065
Feature,Point,27.6741,46.2296,21590887,1,,East,//www.hartablocuri.ro/i/d.png,12,12,0,0,6.0,6.0,0.8941228747884234
Feature,Point,27.67,46.2184,21590551,G4,,East,//www.hartablocuri.ro/i/d.png,12,12,0,0,6.0,6.0,0.8944067568026022
Feature,Point,27.6724,46.2281,21590643,1,,East,//www.hartablocuri.ro/i/d.png,12,12,0,0,6.0,6.0,0.8978223052833306
Feature,Point,27.6715,46.2271,21590806,C3,,East,//www.hartablocuri.ro/i/d.png,12,12,0,0,6.0,6.0,0.9009799648051624
Feature,Point,27.6701,46.2249,21590750,3,,East,//www.hartablocuri.ro/i/d.png,12,12,0,0,6.0,6.0,0.9066173277463444
Feature,Point,27.6705,46.226,21590752,D1-8,,East,//www.hartablocuri.ro/i/d.png,12,12,0,0,6.0,6.0,0.9133088983449403
Feature,Point,27.6706,46.2161,21590846,A3,,East,//www.hartablocuri.ro/i/d.png,12,12,0,0,6.0,6.0,0.9146354219101338
Feature,Point,27.6718,46.2279,21590645,G1-5,,East,//www.hartablocuri.ro/i/d.png,12,12,0,0,6.0,6.0,0.9150893614828505
Feature,Point,27.6711,46.2153,21590630,C1,,East,//www.hartablocuri.ro/i/d.png,12,12,0,0,6.0,6.0,0.9156648293279758
Feature,Point,27.6721,46.2283,21590644,A2,,East,//www.hartablocuri.ro/i/d.png,12,12,0,0,6.0,6.0,0.917335350348441
Feature,Point,27.6708,46.2156,21590633,P3,,East,//www.hartablocuri.ro/i/d.png,12,12,0,0,6.0,6.0,0.9196985528344813
Feature,Point,27.6706,46.2159,21590842,D2,,East,//www.hartablocuri.ro/i/d.png,12,12,0,0,6.0,6.0,0.9200081932668679
Feature,Point,27.6714,46.2276,21590564,XI,,East,//www.hartablocuri.ro/i/d.png,12,12,0,0,6.0,6.0,0.9214142680001169
Feature,Point,27.6708,46.2154,21590634,P4,,East,//www.hartablocuri.ro/i/d.png,12,12,0,0,6.0,6.0,0.925557877960861
Feature,Point,27.6701,46.2165,21590555,A4,,East,//www.hartablocuri.ro/i/d.png,12,12,0,0,6.0,6.0,0.9268050904157759
Feature,Point,27.6716,46.2282,21590647,2,,East,//www.hartablocuri.ro/i/d.png,12,12,0,0,6.0,6.0,0.9339574716751837
Feature,Point,27.6697,46.2254,21590746,S1-2,,East,//www.hartablocuri.ro/i/d.png,12,12,0,0,6.0,6.0,0.9351995175346661
Feature,Point,27.67,46.226,21590747,G1-2,,East,//www.hartablocuri.ro/i/d.png,12,12,0,0,6.0,6.0,0.9355921506818434
Feature,Point,27.6713,46.2279,21590563,X,,East,//www.hartablocuri.ro/i/d.png,12,12,0,0,6.0,6.0,0.9357434717487239
Feature,Point,27.6738,46.2303,21590855,C1,,East,//www.hartablocuri.ro/i/d.png,12,12,0,0,6.0,6.0,0.9369361542722162
Feature,Point,27.6702,46.2264,21590751,12,,East,//www.hartablocuri.ro/i/d.png,12,12,0,0,6.0,6.0,0.9369957250387186
Feature,Point,27.6734,46.23,21590862,G1,,East,//www.hartablocuri.ro/i/d.png,12,12,0,0,6.0,6.0,0.9375134627920774
Feature,Point,27.6703,46.2268,21590745,MBA,,East,//www.hartablocuri.ro/i/d.png,12,12,0,0,6.0,6.0,0.9436600456273488
Feature,Point,27.6689,46.2185,21590663,L1,,East,//www.hartablocuri.ro/i/d.png,12,12,0,0,6.0,6.0,0.944483100208017
Feature,Point,27.6694,46.2171,21590554,B1,,East,//www.hartablocuri.ro/i/d.png,12,12,0,0,6.0,6.0,0.9451285778018745
Feature,Point,27.6739,46.2306,21590867,G2,,East,//www.hartablocuri.ro/i/d.png,12,12,0,0,6.0,6.0,0.9475577757478588
Feature,Point,27.6685,46.2196,21590558,O2,,East,//www.hartablocuri.ro/i/d.png,12,12,0,0,6.0,6.0,0.9516646420571232
Feature,Point,27.6685,46.2193,21590824,O3,,East,//www.hartablocuri.ro/i/d.png,12,12,0,0,6.0,6.0,0.9542374382168866
Feature,Point,27.6728,46.2299,21590856,D1-D2,,East,//www.hartablocuri.ro/i/d.png,12,12,0,0,6.0,6.0,0.9550704737794236
Feature,Point,27.6698,46.2159,21590556,A2,,East,//www.hartablocuri.ro/i/d.png,12,12,0,0,6.0,6.0,0.9552639986348389
Feature,Point,27.671,46.2282,21590562,A1,,East,//www.hartablocuri.ro/i/d.png,12,12,0,0,6.0,6.0,0.9585586260365174
Feature,Point,27.6693,46.2257,21590691,I1-2,,East,//www.hartablocuri.ro/i/d.png,12,12,0,0,6.0,6.0,0.9599483282016955
Feature,Point,27.6701,46.2151,21590632,P2,,East,//www.hartablocuri.ro/i/d.png,12,12,0,0,6.0,6.0,0.9646980209871708
Feature,Point,27.6691,46.2168,21590553,A3,,East,//www.hartablocuri.ro/i/d.png,12,12,0,0,6.0,6.0,0.9651052171010984
Feature,Point,27.6699,46.2153,21590631,P1,,East,//www.hartablocuri.ro/i/d.png,12,12,0,0,6.0,6.0,0.9674547886610501
Feature,Point,27.6681,46.2197,21590557,O1,,East,//www.hartablocuri.ro/i/d.png,12,12,0,0,6.0,6.0,0.969923174927161
Feature,Point,27.6698,46.227,21590810,ONT,,East,//www.hartablocuri.ro/i/d.png,12,12,0,0,6.0,6.0,0.971138311223504
Feature,Point,27.6693,46.2262,21590690,H1-3,,East,//www.hartablocuri.ro/i/d.png,12,12,0,0,6.0,6.0,0.97178343131802
Feature,Point,27.6683,46.2185,21590828,I2,,East,//www.hartablocuri.ro/i/d.png,12,12,0,0,6.0,6.0,0.9726356165630239
Feature,Point,27.6736,46.231,21590853,A1,,East,//www.hartablocuri.ro/i/d.png,12,12,0,0,6.0,6.0,0.9770372629718732
Feature,Point,27.6695,46.2268,21590805,M1-4,,East,//www.hartablocuri.ro/i/d.png,12,12,0,0,6.0,6.0,0.9786175558149628
Feature,Point,27.673,46.2306,21590857,D3,,East,//www.hartablocuri.ro/i/d.png,12,12,0,0,6.0,6.0,0.9792121353576081
Feature,Point,27.668,46.219,21590826,O4,,East,//www.hartablocuri.ro/i/d.png,12,12,0,0,6.0,6.0,0.9808710271565234
Feature,Point,27.6727,46.2304,21590858,D4,,East,//www.hartablocuri.ro/i/d.png,12,12,0,0,6.0,6.0,0.9809046068264836
Feature,Point,27.6693,46.2157,21590848,A1,,East,//www.hartablocuri.ro/i/d.png,12,12,0,0,6.0,6.0,0.9826372171349674
Feature,Point,27.6688,46.2165,21590623,A4,,East,//www.hartablocuri.ro/i/d.png,12,12,0,0,6.0,6.0,0.9853219012062309
Feature,Point,27.6722,46.2301,21590861,F1,,East,//www.hartablocuri.ro/i/d.png,12,12,0,0,6.0,6.0,0.9860557970980982
Feature,Point,27.6732,46.2309,21590854,B1,,East,//www.hartablocuri.ro/i/d.png,12,12,0,0,6.0,6.0,0.986130064969364
Feature,Point,27.669,46.216,21590552,A2,,East,//www.hartablocuri.ro/i/d.png,12,12,0,0,6.0,6.0,0.9882270585924852
Feature,Point,27.6688,46.226,21590692,VI,,East,//www.hartablocuri.ro/i/d.png,12,12,0,0,6.0,6.0,0.9893803964550256
Feature,Point,27.6681,46.2178,21590832,K3,,East,//www.hartablocuri.ro/i/d.png,12,12,0,0,6.0,6.0,0.9922236745967861
Feature,Point,27.6695,46.215,21590847,D1,,East,//www.hartablocuri.ro/i/d.png,12,12,0,0,6.0,6.0,0.9935601194098762
Feature,Point,27.6676,46.2191,21590827,O5,,East,//www.hartablocuri.ro/i/d.png,12,12,0,0,6.0,6.0,0.9987667209520045
Feature,Point,27.6726,46.2308,21590864,I2,,East,//www.hartablocuri.ro/i/d.png,12,12,0,0,6.0,6.0,1.0026808987395917
Feature,Point,27.6685,46.2163,21590622,A5,,East,//www.hartablocuri.ro/i/d.png,12,12,0,0,6.0,6.0,1.0034298072845271
Feature,Point,27.6673,46.22,21590744,M6,,East,//www.hartablocuri.ro/i/d.png,12,12,0,0,6.0,6.0,1.0061037060506337
Feature,Point,27.669,46.2151,21590636,VI,,East,//www.hartablocuri.ro/i/d.png,12,12,0,0,6.0,6.0,1.0123335928300194
Feature,Point,27.6686,46.2156,21590550,A1,,East,//www.hartablocuri.ro/i/d.png,12,12,0,0,6.0,6.0,1.0162131603151345
Feature,Point,27.6683,46.216,21590621,A6,,East,//www.hartablocuri.ro/i/d.png,12,12,0,0,6.0,6.0,1.0195109550959438
Feature,Point,27.6682,46.2262,21590851,C7,,East,//www.hartablocuri.ro/i/d.png,12,12,0,0,6.0,6.0,1.0210500272646164
Feature,Point,27.667,46.2192,21590825,N4,,East,//www.hartablocuri.ro/i/d.png,12,12,0,0,6.0,6.0,1.0262311597131695
Feature,Point,27.6671,46.2185,21590829,N3,,East,//www.hartablocuri.ro/i/d.png,12,12,0,0,6.0,6.0,1.0290288692340346
Feature,Point,27.6732,46.2318,21590863,I1,,East,//www.hartablocuri.ro/i/d.png,12,12,0,0,6.0,6.0,1.0295714789613013
Feature,Point,27.6672,46.2181,21590830,K4,,East,//www.hartablocuri.ro/i/d.png,12,12,0,0,6.0,6.0,1.02964736541156
Feature,Point,27.6736,46.2321,21590859,D5,,East,//www.hartablocuri.ro/i/d.png,12,12,0,0,6.0,6.0,1.0313713809177592
Feature,Point,27.6737,46.2322,21590860,D6,,East,//www.hartablocuri.ro/i/d.png,12,12,0,0,6.0,6.0,1.0332159435180144
Feature,Point,27.669,46.2144,21590635,V1,,East,//www.hartablocuri.ro/i/d.png,12,12,0,0,6.0,6.0,1.0332842211605304
Feature,Point,27.6672,46.2177,21590665,K2,,East,//www.hartablocuri.ro/i/d.png,12,12,0,0,6.0,6.0,1.035679935422716
Feature,Point,27.6673,46.2173,21590664,K1,,East,//www.hartablocuri.ro/i/d.png,12,12,0,0,6.0,6.0,1.037789660329723
Feature,Point,27.6669,46.218,21590834,K5,,East,//www.hartablocuri.ro/i/d.png,12,12,0,0,6.0,6.0,1.0451110086201614
Feature,Point,27.6691,46.2285,21590753,UMPS,,East,//www.hartablocuri.ro/i/d.png,12,12,0,0,6.0,6.0,1.0477193495767803
Feature,Point,27.6665,46.2193,21590741,M5,,East,//www.hartablocuri.ro/i/d.png,12,12,0,0,6.0,6.0,1.0490608984093397
Feature,Point,27.6676,46.2266,21590850,U1-11,,East,//www.hartablocuri.ro/i/d.png,12,12,0,0,6.0,6.0,1.05756060876536
Feature,Point,27.6677,46.2269,21590852,4,,East,//www.hartablocuri.ro/i/d.png,12,12,0,0,6.0,6.0,1.0606670464392625
Feature,Point,27.6728,46.2322,21590866,C,,East,//www.hartablocuri.ro/i/d.png,12,12,0,0,6.0,6.0,1.0627072473549795
Feature,Point,27.6664,46.2182,21590831,N2,,East,//www.hartablocuri.ro/i/d.png,12,12,0,0,6.0,6.0,1.0657593141031643
Feature,Point,27.6666,46.2171,21590662,J2,,East,//www.hartablocuri.ro/i/d.png,12,12,0,0,6.0,6.0,1.0736956446393613
Feature,Point,27.6663,46.2176,21590833,73,,East,//www.hartablocuri.ro/i/d.png,12,12,0,0,6.0,6.0,1.0791462368251372
Feature,Point,27.6659,46.2187,21590740,M4,,East,//www.hartablocuri.ro/i/d.png,12,12,0,0,6.0,6.0,1.0832682666136162
Feature,Point,27.6729,46.2327,21590868,Z4,,East,//www.hartablocuri.ro/i/d.png,12,12,0,0,6.0,6.0,1.0845251765873474
Feature,Point,27.6657,46.2184,21590739,M3,,East,//www.hartablocuri.ro/i/d.png,12,12,0,0,6.0,6.0,1.0961312533761933
Feature,Point,27.6655,46.2192,21590743,B5,,East,//www.hartablocuri.ro/i/d.png,12,12,0,0,6.0,6.0,1.0973565410304464
Feature,Point,27.6716,46.2322,21590627,E,,East,//www.hartablocuri.ro/i/d.png,12,12,0,0,6.0,6.0,1.1034130514897775
Feature,Point,27.6657,46.2178,21590655,N1,,East,//www.hartablocuri.ro/i/d.png,12,12,0,0,6.0,6.0,1.1041052183351887
Feature,Point,27.6734,46.2334,21590872,D14,,East,//www.hartablocuri.ro/i/d.png,12,12,0,0,6.0,6.0,1.1050323176677734
Feature,Point,27.666,46.2167,21590654,E12,,East,//www.hartablocuri.ro/i/d.png,12,12,0,0,6.0,6.0,1.108775712226152
Feature,Point,27.672,46.2326,21590798,C,,East,//www.hartablocuri.ro/i/d.png,12,12,0,0,6.0,6.0,1.1092004333800123
Feature,Point,27.6724,46.2329,21590803,D1,,East,//www.hartablocuri.ro/i/d.png,12,12,0,0,6.0,6.0,1.1109154566681734
Feature,Point,27.6709,46.2319,21590624,B114,,East,//www.hartablocuri.ro/i/d.png,12,12,0,0,6.0,6.0,1.1139126815671538
Feature,Point,27.6731,46.2334,21590870,D12,,East,//www.hartablocuri.ro/i/d.png,12,12,0,0,6.0,6.0,1.114315847728037
Feature,Point,27.6655,46.2175,21590651,J1,,East,//www.hartablocuri.ro/i/d.png,12,12,0,0,6.0,6.0,1.1179639705703195
Feature,Point,27.6728,46.2333,21590804,D10,,East,//www.hartablocuri.ro/i/d.png,12,12,0,0,6.0,6.0,1.1185147822491646
Feature,Point,27.6713,46.2323,21590625,D,,East,//www.hartablocuri.ro/i/d.png,12,12,0,0,6.0,6.0,1.118561862383375
Feature,Point,27.6651,46.2188,21590742,B4,,East,//www.hartablocuri.ro/i/d.png,12,12,0,0,6.0,6.0,1.1200291349346483
Feature,Point,27.6657,46.2168,21590653,E11,,East,//www.hartablocuri.ro/i/d.png,12,12,0,0,6.0,6.0,1.1206821624352574
Feature,Point,27.6735,46.2338,21590873,D15,,East,//www.hartablocuri.ro/i/d.png,12,12,0,0,6.0,6.0,1.1233129478646233
Feature,Point,27.6659,46.2161,21590667,V3,,East,//www.hartablocuri.ro/i/d.png,12,12,0,0,6.0,6.0,1.1255553715782443
Feature,Point,27.6724,46.2332,21590877,D8,,East,//www.hartablocuri.ro/i/d.png,12,12,0,0,6.0,6.0,1.1261399187975498
Feature,Point,27.6661,46.2156,21590670,ANL,,East,//www.hartablocuri.ro/i/d.png,12,12,0,0,6.0,6.0,1.1277717381448624
Feature,Point,27.6651,46.2178,21590738,M2,,East,//www.hartablocuri.ro/i/d.png,12,12,0,0,6.0,6.0,1.132165018731176
Feature,Point,27.6648,46.219,21590565,B6,,East,//www.hartablocuri.ro/i/d.png,12,12,0,0,6.0,6.0,1.1323143284423438
Feature,Point,27.6732,46.2338,21590871,D13,,East,//www.hartablocuri.ro/i/d.png,12,12,0,0,6.0,6.0,1.1323860274248871
Feature,Point,27.6654,46.2169,21590652,E10,,East,//www.hartablocuri.ro/i/d.png,12,12,0,0,6.0,6.0,1.1326871763400475
Feature,Point,27.671,46.2324,21590626,Q114,,East,//www.hartablocuri.ro/i/d.png,12,12,0,0,6.0,6.0,1.1337317278114283
Feature,Point,27.6647,46.2194,21590570,C3,,East,//www.hartablocuri.ro/i/d.png,12,12,0,0,6.0,6.0,1.1337527149263689
Feature,Point,27.6721,46.2333,21590876,D6,,East,//www.hartablocuri.ro/i/d.png,12,12,0,0,6.0,6.0,1.1409247021434803
Feature,Point,27.6716,46.233,21590801,D2,,East,//www.hartablocuri.ro/i/d.png,12,12,0,0,6.0,6.0,1.1423235581334634
Feature,Point,27.6713,46.2328,21590795,B,,East,//www.hartablocuri.ro/i/d.png,12,12,0,0,6.0,6.0,1.1426092614201417
Feature,Point,27.6647,46.2184,21590736,B3,,East,//www.hartablocuri.ro/i/d.png,12,12,0,0,6.0,6.0,1.1432405662334684
Feature,Point,27.6657,46.2157,21590674,V2,,East,//www.hartablocuri.ro/i/d.png,12,12,0,0,6.0,6.0,1.1434709190658032
Feature,Point,27.6652,46.2167,21590666,E1,,East,//www.hartablocuri.ro/i/d.png,12,12,0,0,6.0,6.0,1.145565171599309
Feature,Point,27.6729,46.2339,21590869,D11,,East,//www.hartablocuri.ro/i/d.png,12,12,0,0,6.0,6.0,1.1468618855491366
Feature,Point,27.6738,46.2344,21590874,D16,,East,//www.hartablocuri.ro/i/d.png,12,12,0,0,6.0,6.0,1.147131191642956
Feature,Point,27.6642,46.22,21590678,C4,,East,//www.hartablocuri.ro/i/d.png,12,12,0,0,6.0,6.0,1.153896319591225
Feature,Point,27.6651,46.2163,21590668,E2,,East,//www.hartablocuri.ro/i/d.png,12,12,0,0,6.0,6.0,1.1578862055348844
Feature,Point,27.6655,46.2154,21590675,V1,,East,//www.hartablocuri.ro/i/d.png,12,12,0,0,6.0,6.0,1.159455683487216
Feature,Point,27.6718,46.2335,21590802,D4,,East,//www.hartablocuri.ro/i/d.png,12,12,0,0,6.0,6.0,1.160805098551871
Feature,Point,27.6649,46.2166,21590838,E9,,East,//www.hartablocuri.ro/i/d.png,12,12,0,0,6.0,6.0,1.1612423035697983
Feature,Point,27.6735,46.2345,21590875,D17,,East,//www.hartablocuri.ro/i/d.png,12,12,0,0,6.0,6.0,1.1613157363943578
Feature,Point,27.6726,46.234,21590878,D9,,East,//www.hartablocuri.ro/i/d.png,12,12,0,0,6.0,6.0,1.1613754616126715
Feature,Point,27.6642,46.2189,21590567,C2,,East,//www.hartablocuri.ro/i/d.png,12,12,0,0,6.0,6.0,1.161664685850999
Feature,Point,27.6708,46.2329,21590776,A,,East,//www.hartablocuri.ro/i/d.png,12,12,0,0,6.0,6.0,1.1645101044279935
Feature,Point,27.6651,46.2158,21590669,E3,,East,//www.hartablocuri.ro/i/d.png,12,12,0,0,6.0,6.0,1.1683788852726564
Feature,Point,27.6645,46.2172,21590737,M1,,East,//www.hartablocuri.ro/i/d.png,12,12,0,0,6.0,6.0,1.1692631073020978
Feature,Point,27.6715,46.2335,21590799,D3,,East,//www.hartablocuri.ro/i/d.png,12,12,0,0,6.0,6.0,1.1705833675516921
Feature,Point,27.6641,46.2183,21590566,B7,,East,//www.hartablocuri.ro/i/d.png,12,12,0,0,6.0,6.0,1.1726790016866004
Feature,Point,27.6722,46.234,21590796,D7,,East,//www.hartablocuri.ro/i/d.png,12,12,0,0,6.0,6.0,1.1738047647966878
Feature,Point,27.6698,46.2324,21590754,C1,,East,//www.hartablocuri.ro/i/d.png,12,12,0,0,6.0,6.0,1.1761770089624357
Feature,Point,27.6692,46.232,21590688,B1,,East,//www.hartablocuri.ro/i/d.png,12,12,0,0,6.0,6.0,1.180135776388252
Feature,Point,27.664,46.218,21590735,B2,,East,//www.hartablocuri.ro/i/d.png,12,12,0,0,6.0,6.0,1.181050949859092
Feature,Point,27.6739,46.2351,21590811,Z3,,East,//www.hartablocuri.ro/i/d.png,12,12,0,0,6.0,6.0,1.1832791963289029
Feature,Point,27.6646,46.2161,21590839,E8,,East,//www.hartablocuri.ro/i/d.png,12,12,0,0,6.0,6.0,1.184789999725621
Feature,Point,27.6706,46.2332,21590727,K4,,East,//www.hartablocuri.ro/i/d.png,12,12,0,0,6.0,6.0,1.185836173369121
Feature,Point,27.6719,46.2341,21590797,D5,,East,//www.hartablocuri.ro/i/d.png,12,12,0,0,6.0,6.0,1.1884331915833402
Feature,Point,27.6643,46.2165,21590835,I3,,East,//www.hartablocuri.ro/i/d.png,12,12,0,0,6.0,6.0,1.1907279650599742
Feature,Point,27.6647,46.2156,21590671,E4,,East,//www.hartablocuri.ro/i/d.png,12,12,0,0,6.0,6.0,1.1909198061445936
Feature,Point,27.6635,46.2193,21590679,C5,,East,//www.hartablocuri.ro/i/d.png,12,12,0,0,6.0,6.0,1.1915335026477871
Feature,Point,27.6648,46.2153,21590672,E5,,East,//www.hartablocuri.ro/i/d.png,12,12,0,0,6.0,6.0,1.1932721576560519
Feature,Point,27.6636,46.2183,21590569,C1,,East,//www.hartablocuri.ro/i/d.png,12,12,0,0,6.0,6.0,1.1962480382420064
Feature,Point,27.6716,46.2341,21590781,S1,,East,//www.hartablocuri.ro/i/d.png,12,12,0,0,6.0,6.0,1.1979286485304739
Feature,Point,27.6634,46.2187,21590680,C6,,East,//www.hartablocuri.ro/i/d.png,12,12,0,0,6.0,6.0,1.2014542427644894
Feature,Point,27.6641,46.2163,21590836,I4,,East,//www.hartablocuri.ro/i/d.png,12,12,0,0,6.0,6.0,1.2037203251029829
Feature,Point,27.6636,46.2177,21590734,P1,,East,//www.hartablocuri.ro/i/d.png,12,12,0,0,6.0,6.0,1.2037979037911182
Feature,Point,27.6639,46.2167,21590733,I2,,East,//www.hartablocuri.ro/i/d.png,12,12,0,0,6.0,6.0,1.205541571498768
Feature,Point,27.6665,46.23,21590575,3,,East,//www.hartablocuri.ro/i/d.png,12,12,0,0,6.0,6.0,1.2070228017498097
Feature,Point,27.6705,46.2336,21590777,C4,,East,//www.hartablocuri.ro/i/d.png,12,12,0,0,6.0,6.0,1.208741313423004
Feature,Point,27.6644,46.2153,21590673,E6,,East,//www.hartablocuri.ro/i/d.png,12,12,0,0,6.0,6.0,1.2112787016829676
Feature,Point,27.6731,46.2352,21590800,D18,,East,//www.hartablocuri.ro/i/d.png,12,12,0,0,6.0,6.0,1.2114183297432697
Feature,Point,27.671,46.234,21590779,Q110,,East,//www.hartablocuri.ro/i/d.png,12,12,0,0,6.0,6.0,1.21213809706217
Feature,Point,27.664,46.2161,21590837,I5,,East,//www.hartablocuri.ro/i/d.png,12,12,0,0,6.0,6.0,1.2122275911650793
Feature,Point,27.6725,46.2349,21590782,Z5,,East,//www.hartablocuri.ro/i/d.png,12,12,0,0,6.0,6.0,1.2125123803669353
Feature,Point,27.6668,46.2305,21590577,5,,East,//www.hartablocuri.ro/i/d.png,12,12,0,0,6.0,6.0,1.2126997195698228
Feature,Point,27.6642,46.2155,21590840,E7,,East,//www.hartablocuri.ro/i/d.png,12,12,0,0,6.0,6.0,1.2157771133262414
Feature,Point,27.6645,46.2147,21590676,G6,,East,//www.hartablocuri.ro/i/d.png,12,12,0,0,6.0,6.0,1.2213149294477827
Feature,Point,27.6693,46.233,21590697,A4,,East,//www.hartablocuri.ro/i/d.png,12,12,0,0,6.0,6.0,1.2215950888623335
Feature,Point,27.6711,46.2343,21590778,11,,East,//www.hartablocuri.ro/i/d.png,12,12,0,0,6.0,6.0,1.2241790064513984
Feature,Point,27.6755,46.2366,21590818,E9,,East,//www.hartablocuri.ro/i/d.png,12,12,0,0,6.0,6.0,1.2293377811640203
Feature,Point,27.665,46.2135,21590660,D1,,East,//www.hartablocuri.ro/i/d.png,12,12,0,0,6.0,6.0,1.2323782536175412
Feature,Point,27.6646,46.2141,21590661,F1,,East,//www.hartablocuri.ro/i/d.png,12,12,0,0,6.0,6.0,1.232682976873095
Feature,Point,27.6706,46.2342,21590780,10,,East,//www.hartablocuri.ro/i/d.png,12,12,0,0,6.0,6.0,1.2352887451725019
Feature,Point,27.6663,46.2306,21590576,4,,East,//www.hartablocuri.ro/i/d.png,12,12,0,0,6.0,6.0,1.2366309724640296
Feature,Point,27.6631,46.2169,21590732,P3,,East,//www.hartablocuri.ro/i/d.png,12,12,0,0,6.0,6.0,1.239199109697826
Feature,Point,27.6628,46.2176,21590571,P4,,East,//www.hartablocuri.ro/i/d.png,12,12,0,0,6.0,6.0,1.2426564922935925
Feature,Point,27.6667,46.2312,21590578,B9,,East,//www.hartablocuri.ro/i/d.png,12,12,0,0,6.0,6.0,1.2430753800350338
Feature,Point,27.675,46.2367,21590882,Z1,,East,//www.hartablocuri.ro/i/d.png,12,12,0,0,6.0,6.0,1.247328831636313
Feature,Point,27.6635,46.2154,21590730,I1,,East,//www.hartablocuri.ro/i/d.png,12,12,0,0,6.0,6.0,1.2496958197402603
Feature,Point,27.6637,46.215,21590849,G7,,East,//www.hartablocuri.ro/i/d.png,12,12,0,0,6.0,6.0,1.249780507485043
Feature,Point,27.6687,46.2332,21590696,A3,,East,//www.hartablocuri.ro/i/d.png,12,12,0,0,6.0,6.0,1.252180067964086
Feature,Point,27.6766,46.2374,21590881,IPA,,East,//www.hartablocuri.ro/i/d.png,12,12,0,0,6.0,6.0,1.253317437819462
Feature,Point,27.6699,46.2341,21590755,B4,,East,//www.hartablocuri.ro/i/d.png,12,12,0,0,6.0,6.0,1.2534776921610156
Feature,Point,27.6693,46.2337,21590694,B13,,East,//www.hartablocuri.ro/i/d.png,12,12,0,0,6.0,6.0,1.254498017839834
Feature,Point,27.6644,46.2134,21590677,F2,,East,//www.hartablocuri.ro/i/d.png,12,12,0,0,6.0,6.0,1.2612672521945223
Feature,Point,27.664,46.214,21590657,G5,,East,//www.hartablocuri.ro/i/d.png,12,12,0,0,6.0,6.0,1.2617725091455445
Feature,Point,27.6762,46.2374,21590823,S6,,East,//www.hartablocuri.ro/i/d.png,12,12,0,0,6.0,6.0,1.261949285340008
Feature,Point,27.6695,46.234,21590728,B12,,East,//www.hartablocuri.ro/i/d.png,12,12,0,0,6.0,6.0,1.2620853138604846
Feature,Point,27.6662,46.2312,21590579,B6,,East,//www.hartablocuri.ro/i/d.png,12,12,0,0,6.0,6.0,1.262978769853785
Feature,Point,27.6623,46.2171,21590572,P5,,East,//www.hartablocuri.ro/i/d.png,12,12,0,0,6.0,6.0,1.2732656252299974
Feature,Point,27.6681,46.2332,21590695,A2,,East,//www.hartablocuri.ro/i/d.png,12,12,0,0,6.0,6.0,1.2737584504621289
Feature,Point,27.6771,46.2379,21590817,E8,,East,//www.hartablocuri.ro/i/d.png,12,12,0,0,6.0,6.0,1.2741358007850576
Feature,Point,27.6701,46.2347,21590759,B3,,East,//www.hartablocuri.ro/i/d.png,12,12,0,0,6.0,6.0,1.2768512334850661
Feature,Point,27.6638,46.2137,21590658,G4,,East,//www.hartablocuri.ro/i/d.png,12,12,0,0,6.0,6.0,1.2787914465167876
Feature,Point,27.6695,46.2344,21590756,A1,,East,//www.hartablocuri.ro/i/d.png,12,12,0,0,6.0,6.0,1.2816632957468332
Feature,Point,27.6753,46.2374,21590814,E4,,East,//www.hartablocuri.ro/i/d.png,12,12,0,0,6.0,6.0,1.2822011936252156
Feature,Point,27.6668,46.2324,21590689,C8,,East,//www.hartablocuri.ro/i/d.png,12,12,0,0,6.0,6.0,1.2873599695167122
Feature,Point,27.6628,46.2151,21590729,G1,,East,//www.hartablocuri.ro/i/d.png,12,12,0,0,6.0,6.0,1.2880562340514157
Feature,Point,27.6661,46.2318,21590580,B7,,East,//www.hartablocuri.ro/i/d.png,12,12,0,0,6.0,6.0,1.2901386313892778
Feature,Point,27.6771,46.2382,21590820,H11,,East,//www.hartablocuri.ro/i/d.png,12,12,0,0,6.0,6.0,1.292982993176571
Feature,Point,27.6631,46.2142,21590659,G3,,East,//www.hartablocuri.ro/i/d.png,12,12,0,0,6.0,6.0,1.2962729893618372
Feature,Point,27.6676,46.2334,21590693,A1,,East,//www.hartablocuri.ro/i/d.png,12,12,0,0,6.0,6.0,1.3008920134166182
Feature,Point,27.6766,46.2382,21590812,E7,,East,//www.hartablocuri.ro/i/d.png,12,12,0,0,6.0,6.0,1.3030409485544918
Feature,Point,27.6657,46.2318,21590581,B8,,East,//www.hartablocuri.ro/i/d.png,12,12,0,0,6.0,6.0,1.3058965729630319
Feature,Point,27.6703,46.2354,21590758,B2,,East,//www.hartablocuri.ro/i/d.png,12,12,0,0,6.0,6.0,1.306392444836846
Feature,Point,27.6697,46.2351,21590757,A2,,East,//www.hartablocuri.ro/i/d.png,12,12,0,0,6.0,6.0,1.3101215789654765
Feature,Point,27.6671,46.2332,21590590,C8,,East,//www.hartablocuri.ro/i/d.png,12,12,0,0,6.0,6.0,1.310327967374185
Feature,Point,27.6746,46.2376,21590822,S1,,East,//www.hartablocuri.ro/i/d.png,12,12,0,0,6.0,6.0,1.3106782515902244
Feature,Point,27.6766,46.2384,21590819,H10,,East,//www.hartablocuri.ro/i/d.png,12,12,0,0,6.0,6.0,1.3155411005640507
Feature,Point,27.6625,46.2145,21590726,G2,,East,//www.hartablocuri.ro/i/d.png,12,12,0,0,6.0,6.0,1.3155576604685155
Feature,Point,27.6687,46.2346,21590589,B5,,East,//www.hartablocuri.ro/i/d.png,12,12,0,0,6.0,6.0,1.3184262204657091
Feature,Point,27.6762,46.2384,21590816,E6,,East,//www.hartablocuri.ro/i/d.png,12,12,0,0,6.0,6.0,1.3237671209347337
Feature,Point,27.6755,46.2382,21590815,E5,,East,//www.hartablocuri.ro/i/d.png,12,12,0,0,6.0,6.0,1.3264164074237876
Feature,Point,27.6737,46.2375,21590789,R1,,East,//www.hartablocuri.ro/i/d.png,12,12,0,0,6.0,6.0,1.3267749020513837
Feature,Point,27.669,46.235,21590593,B6,,East,//www.hartablocuri.ro/i/d.png,12,12,0,0,6.0,6.0,1.3280457042326503
Feature,Point,27.6618,46.2152,21590725,P10,,East,//www.hartablocuri.ro/i/d.png,12,12,0,0,6.0,6.0,1.331204735354116
Feature,Point,27.6705,46.236,21590761,B1,,East,//www.hartablocuri.ro/i/d.png,12,12,0,0,6.0,6.0,1.331772687848602
Feature,Point,27.6761,46.2386,21590821,H9,,East,//www.hartablocuri.ro/i/d.png,12,12,0,0,6.0,6.0,1.3382884267898847
Feature,Point,27.6693,46.2354,21590595,B7,,East,//www.hartablocuri.ro/i/d.png,12,12,0,0,6.0,6.0,1.338320810504978
Feature,Point,27.6699,46.2358,21590760,A3,,East,//www.hartablocuri.ro/i/d.png,12,12,0,0,6.0,6.0,1.3397904738401871
Feature,Point,27.6768,46.2389,21590649,2,,East,//www.hartablocuri.ro/i/d.png,12,12,0,0,6.0,6.0,1.34297055362787
Feature,Point,27.6668,46.2337,21590583,D,,East,//www.hartablocuri.ro/i/d.png,12,12,0,0,6.0,6.0,1.3434540867946094
Feature,Point,27.6749,46.2383,21590813,E2,,East,//www.hartablocuri.ro/i/d.png,12,12,0,0,6.0,6.0,1.3459404280573124
Feature,Point,27.6683,46.2349,21590591,D1,,East,//www.hartablocuri.ro/i/d.png,12,12,0,0,6.0,6.0,1.3465983744354169
Feature,Point,27.6731,46.2376,21590783,CON,,East,//www.hartablocuri.ro/i/d.png,12,12,0,0,6.0,6.0,1.3478775308001005
Feature,Point,27.6677,46.2345,21590585,7,,East,//www.hartablocuri.ro/i/d.png,12,12,0,0,6.0,6.0,1.3480422308652118
Feature,Point,27.6734,46.2378,21590790,R2,,East,//www.hartablocuri.ro/i/d.png,12,12,0,0,6.0,6.0,1.351946049617313
Feature,Point,27.6742,46.2382,21590784,E1,,East,//www.hartablocuri.ro/i/d.png,12,12,0,0,6.0,6.0,1.3561523685915375
Feature,Point,27.6686,46.2353,21590594,D2,,East,//www.hartablocuri.ro/i/d.png,12,12,0,0,6.0,6.0,1.3562382722800466
Feature,Point,27.6612,46.2153,21590568,P9,,East,//www.hartablocuri.ro/i/d.png,12,12,0,0,6.0,6.0,1.35643251808627
Feature,Point,27.6609,46.2159,21590573,P7-P8,,East,//www.hartablocuri.ro/i/d.png,12,12,0,0,6.0,6.0,1.3584465549790525
Feature,Point,27.667,46.2342,21590584,6,,East,//www.hartablocuri.ro/i/d.png,12,12,0,0,6.0,6.0,1.358817731462618
Feature,Point,27.6757,46.2388,21590883,Z2,,East,//www.hartablocuri.ro/i/d.png,12,12,0,0,6.0,6.0,1.3590942420248124
Feature,Point,27.67,46.2363,21590768,I4,,East,//www.hartablocuri.ro/i/d.png,12,12,0,0,6.0,6.0,1.3629922897914424
Feature,Point,27.6666,46.234,21590582,11,,East,//www.hartablocuri.ro/i/d.png,12,12,0,0,6.0,6.0,1.3641620349932257
Feature,Point,27.6689,46.2357,21590596,D3,,East,//www.hartablocuri.ro/i/d.png,12,12,0,0,6.0,6.0,1.3665199711999296
Feature,Point,27.6765,46.2392,21590650,Virgotex,,East,//www.hartablocuri.ro/i/d.png,12,12,0,0,6.0,6.0,1.3677564811903646
Feature,Point,27.6703,46.2366,21590766,I2,,East,//www.hartablocuri.ro/i/d.png,12,12,0,0,6.0,6.0,1.3699243843145594
Feature,Point,27.6748,46.2387,21590879,H6,,East,//www.hartablocuri.ro/i/d.png,12,12,0,0,6.0,6.0,1.3725597227966702
Feature,Point,27.6735,46.2382,21590785,H3,,East,//www.hartablocuri.ro/i/d.png,12,12,0,0,6.0,6.0,1.3730624080379135
Feature,Point,27.6728,46.2379,21590787,K1,,East,//www.hartablocuri.ro/i/d.png,12,12,0,0,6.0,6.0,1.373065570036011
Feature,Point,27.6709,46.237,21590770,Z1,,East,//www.hartablocuri.ro/i/d.png,12,12,0,0,6.0,6.0,1.374029036391853
Feature,Point,27.6693,46.2361,21590601,D4,,East,//www.hartablocuri.ro/i/d.png,12,12,0,0,6.0,6.0,1.3742690957127275
Feature,Point,27.6671,46.2347,21590586,8,,East,//www.hartablocuri.ro/i/d.png,12,12,0,0,6.0,6.0,1.3784513147408985
Feature,Point,27.6675,46.2352,21590587,9,,East,//www.hartablocuri.ro/i/d.png,12,12,0,0,6.0,6.0,1.388384743865799
Feature,Point,27.6702,46.2369,21590765,I1,,East,//www.hartablocuri.ro/i/d.png,12,12,0,0,6.0,6.0,1.3890959298288788
Feature,Point,27.6738,46.2386,21590786,H4,,East,//www.hartablocuri.ro/i/d.png,12,12,0,0,6.0,6.0,1.389637805546132
Feature,Point,27.6751,46.2391,21590884,Z4,,East,//www.hartablocuri.ro/i/d.png,12,12,0,0,6.0,6.0,1.3904696136512864
Feature,Point,27.6759,46.2394,21590648,1,,East,//www.hartablocuri.ro/i/d.png,12,12,0,0,6.0,6.0,1.392305457783621
Feature,Point,27.6697,46.2367,21590767,I3,,East,//www.hartablocuri.ro/i/d.png,12,12,0,0,6.0,6.0,1.3934123785178767
Feature,Point,27.6678,46.2356,21590588,B8,,East,//www.hartablocuri.ro/i/d.png,12,12,0,0,6.0,6.0,1.397753909021521
Feature,Point,27.6744,46.239,21590880,H5,,East,//www.hartablocuri.ro/i/d.png,12,12,0,0,6.0,6.0,1.3998553655091932
Feature,Point,27.6733,46.2386,21590791,K2,,East,//www.hartablocuri.ro/i/d.png,12,12,0,0,6.0,6.0,1.4016930897297097
Feature,Point,27.6681,46.236,21590592,B9,,East,//www.hartablocuri.ro/i/d.png,12,12,0,0,6.0,6.0,1.4077497321730876
Feature,Point,27.6747,46.2393,21590885,Z5,,East,//www.hartablocuri.ro/i/d.png,12,12,0,0,6.0,6.0,1.411491860802641
Feature,Point,27.6716,46.2381,21590771,Z2,,East,//www.hartablocuri.ro/i/d.png,12,12,0,0,6.0,6.0,1.4162034200360591
Feature,Point,27.6693,46.2369,21590603,C1,,East,//www.hartablocuri.ro/i/d.png,12,12,0,0,6.0,6.0,1.4162585557294745
Feature,Point,27.6699,46.2373,21590773,Z4,,East,//www.hartablocuri.ro/i/d.png,12,12,0,0,6.0,6.0,1.4196672109419881
Feature,Point,27.6683,46.2364,21590597,B10,,East,//www.hartablocuri.ro/i/d.png,12,12,0,0,6.0,6.0,1.4215655946043888
Feature,Point,27.6739,46.2392,21590788,K3,,East,//www.hartablocuri.ro/i/d.png,12,12,0,0,6.0,6.0,1.4234233897781532
Feature,Point,27.6687,46.2368,21590598,V10,,East,//www.hartablocuri.ro/i/d.png,12,12,0,0,6.0,6.0,1.4295679361821216
Feature,Point,27.6743,46.2395,21590886,Z6,,East,//www.hartablocuri.ro/i/d.png,12,12,0,0,6.0,6.0,1.4325940451589871
Feature,Point,27.6717,46.2385,21590763,B8,,East,//www.hartablocuri.ro/i/d.png,12,12,0,0,6.0,6.0,1.4364876693291007
Feature,Point,27.6723,46.2388,21590775,V1,,East,//www.hartablocuri.ro/i/d.png,12,12,0,0,6.0,6.0,1.4383903734934107
Feature,Point,27.6691,46.2373,21590599,V9,,East,//www.hartablocuri.ro/i/d.png,12,12,0,0,6.0,6.0,1.4436420853224514
Feature,Point,27.6712,46.2384,21590764,E4,,East,//www.hartablocuri.ro/i/d.png,12,12,0,0,6.0,6.0,1.4441039787634666
Feature,Point,27.6719,46.2389,21590774,E3,,East,//www.hartablocuri.ro/i/d.png,12,12,0,0,6.0,6.0,1.4544512082684073
Feature,Point,27.6713,46.2387,21590769,I5,,East,//www.hartablocuri.ro/i/d.png,12,12,0,0,6.0,6.0,1.4585844165886122
Feature,Point,27.6726,46.2393,21590613,V2,,East,//www.hartablocuri.ro/i/d.png,12,12,0,0,6.0,6.0,1.46036950111497
Feature,Point,27.6694,46.2378,21590600,V8,,East,//www.hartablocuri.ro/i/d.png,12,12,0,0,6.0,6.0,1.4615961093058039
Feature,Point,27.6705,46.2384,21590772,Z3,,East,//www.hartablocuri.ro/i/d.png,12,12,0,0,6.0,6.0,1.4632783013321944
Feature,Point,27.6722,46.2392,21590619,B5,,East,//www.hartablocuri.ro/i/d.png,12,12,0,0,6.0,6.0,1.4643865476803606
Feature,Point,27.6709,46.2388,21590762,B7,,East,//www.hartablocuri.ro/i/d.png,12,12,0,0,6.0,6.0,1.4750126094436584
Feature,Point,27.6717,46.2392,21590610,V3,,East,//www.hartablocuri.ro/i/d.png,12,12,0,0,6.0,6.0,1.4770692243155599
Feature,Point,27.6584,46.2154,21590681,Confectii,,East,//www.hartablocuri.ro/i/d.png,12,12,0,0,6.0,6.0,1.4828628116450344
Feature,Point,27.6726,46.2397,21590617,B1,,East,//www.hartablocuri.ro/i/d.png,12,12,0,0,6.0,6.0,1.484158381680985
Feature,Point,27.6697,46.2384,21590602,V7,,East,//www.hartablocuri.ro/i/d.png,12,12,0,0,6.0,6.0,1.485811593708208
Feature,Point,27.6713,46.2392,21590620,B6,,East,//www.hartablocuri.ro/i/d.png,12,12,0,0,6.0,6.0,1.4874140083668153
Feature,Point,27.6709,46.2391,21590607,V4,,East,//www.hartablocuri.ro/i/d.png,12,12,0,0,6.0,6.0,1.4921867126969584
Feature,Point,27.6729,46.24,21590616,A5,,East,//www.hartablocuri.ro/i/d.png,12,12,0,0,6.0,6.0,1.494984174947905
Feature,Point,27.672,46.2397,21590615,B2,,East,//www.hartablocuri.ro/i/d.png,12,12,0,0,6.0,6.0,1.4988438021313157
Feature,Point,27.67,46.2389,21590604,V6,,East,//www.hartablocuri.ro/i/d.png,12,12,0,0,6.0,6.0,1.5052814500728624
Feature,Point,27.6722,46.2399,21590614,A4,,East,//www.hartablocuri.ro/i/d.png,12,12,0,0,6.0,6.0,1.5057702656355498
Feature,Point,27.673,46.2403,21590618,F1,,East,//www.hartablocuri.ro/i/d.png,12,12,0,0,6.0,6.0,1.5107518319035078
Feature,Point,27.6713,46.2397,21590612,B3,,East,//www.hartablocuri.ro/i/d.png,12,12,0,0,6.0,6.0,1.5164826416272248
Feature,Point,27.6716,46.2399,21590611,A3,,East,//www.hartablocuri.ro/i/d.png,12,12,0,0,6.0,6.0,1.5206075247839264
Feature,Point,27.6703,46.2394,21590605,V5,,East,//www.hartablocuri.ro/i/d.png,12,12,0,0,6.0,6.0,1.5254203844494028
Feature,Point,27.6706,46.2396,21590609,B4,,East,//www.hartablocuri.ro/i/d.png,12,12,0,0,6.0,6.0,1.5288854738334283
Feature,Point,27.6709,46.2398,21590608,A2,,East,//www.hartablocuri.ro/i/d.png,12,12,0,0,6.0,6.0,1.5326015865596576
Feature,Point,27.6724,46.2407,21590711,C1,,East,//www.hartablocuri.ro/i/d.png,12,12,0,0,6.0,6.0,1.5488534778718306
Feature,Point,27.6703,46.2399,21590606,A1,,East,//www.hartablocuri.ro/i/d.png,12,12,0,0,6.0,6.0,1.5540851607587975
Feature,Point,27.672,46.2407,21590710,C2,,East,//www.hartablocuri.ro/i/d.png,12,12,0,0,6.0,6.0,1.5583111906423277
Feature,Point,27.6697,46.2397,21590698,D1,,East,//www.hartablocuri.ro/i/d.png,12,12,0,0,6.0,6.0,1.558748664702284
Feature,Point,27.6692,46.2397,21590701,G1,,East,//www.hartablocuri.ro/i/d.png,12,12,0,0,6.0,6.0,1.5724867044339708
Feature,Point,27.6716,46.2409,21590709,C3,,East,//www.hartablocuri.ro/i/d.png,12,12,0,0,6.0,6.0,1.5798599652311343
Feature,Point,27.6692,46.24,21590702,G2,,East,//www.hartablocuri.ro/i/d.png,12,12,0,0,6.0,6.0,1.5894184050081488
Feature,Point,27.6697,46.2403,21590699,D2,,East,//www.hartablocuri.ro/i/d.png,12,12,0,0,6.0,6.0,1.5929940793646007
Feature,Point,27.6712,46.2411,21590708,C4,,East,//www.hartablocuri.ro/i/d.png,12,12,0,0,6.0,6.0,1.6014662308193421
Feature,Point,27.6692,46.2404,21590703,G3,,East,//www.hartablocuri.ro/i/d.png,12,12,0,0,6.0,6.0,1.612132012869193
Feature,Point,27.6698,46.2407,21590700,D3,,East,//www.hartablocuri.ro/i/d.png,12,12,0,0,6.0,6.0,1.6133905035145677
Feature,Point,27.6708,46.2412,21590707,D5,,East,//www.hartablocuri.ro/i/d.png,12,12,0,0,6.0,6.0,1.617207754531108
Feature,Point,27.6694,46.2409,21590704,E1,,East,//www.hartablocuri.ro/i/d.png,12,12,0,0,6.0,6.0,1.6354427757643124
Feature,Point,27.6702,46.2413,21590706,D4,,East,//www.hartablocuri.ro/i/d.png,12,12,0,0,6.0,6.0,1.6380731814650866
Feature,Point,27.6697,46.2415,21590705,E2,,East,//www.hartablocuri.ro/i/d.png,12,12,0,0,6.0,6.0,1.6624705951715222
Feature,Point,27.6816,46.2494,21590794,4,,East,//www.hartablocuri.ro/i/d.png,12,12,0,0,6.0,6.0,1.9772467673524063
Feature,Point,27.6814,46.2507,21590793,3,,East,//www.hartablocuri.ro/i/d.png,12,12,0,0,6.0,6.0,2.0674441983715637
Feature,Point,27.6818,46.2509,21590792,2,,East,//www.hartablocuri.ro/i/d.png,12,12,0,0,6.0,6.0,2.078154907653148
